EventId,Event,Date,EventType,Class,Season,AthleteId,Ranking,TimeBehindSeconds,CourseTimeSeconds,MissesProne,MissesStanding,MissesShooting1,MissesShooting2,MissesShooting3,MissesShooting4,RangeTimeProne,RangeTimeStanding
68202,"ASKO CUP Geilo, Sprint lørdag",2023-11-25,Sprint,M Senior,2023,2118153,1,0.000,1368.165,0,0,0,0,NULL,NULL,48.246,46.048
68202,"ASKO CUP Geilo, Sprint lørdag",2023-11-25,Sprint,M Senior,2023,679924,2,19.600,1333.231,0,2,0,2,NULL,NULL,56.109,47.730
68202,"ASKO CUP Geilo, Sprint lørdag",2023-11-25,Sprint,M Senior,2023,3687444,3,22.400,1363.092,1,0,1,0,NULL,NULL,52.470,47.296
68202,"ASKO CUP Geilo, Sprint lørdag",2023-11-25,Sprint,M Senior,2023,674457,4,43.700,1386.010,0,1,0,1,NULL,NULL,53.485,42.796
68202,"ASKO CUP Geilo, Sprint lørdag",2023-11-25,Sprint,M Senior,2023,356854,5,58.300,1402.442,0,1,0,1,NULL,NULL,47.796,46.607
68202,"ASKO CUP Geilo, Sprint lørdag",2023-11-25,Sprint,M Senior,2023,826757,6,70.000,1408.756,1,0,1,0,NULL,NULL,52.476,46.300
68202,"ASKO CUP Geilo, Sprint lørdag",2023-11-25,Sprint,M Senior,2023,2269734,7,70.700,1432.698,0,0,0,0,NULL,NULL,48.985,50.359
68202,"ASKO CUP Geilo, Sprint lørdag",2023-11-25,Sprint,M Senior,2023,1562650,8,76.000,1434.682,0,0,0,0,NULL,NULL,49.734,52.923
68202,"ASKO CUP Geilo, Sprint lørdag",2023-11-25,Sprint,M Senior,2023,3849463,9,79.700,1373.191,2,1,2,1,NULL,NULL,50.294,48.954
68202,"ASKO CUP Geilo, Sprint lørdag",2023-11-25,Sprint,M Senior,2023,415168,10,84.900,1440.777,0,0,0,0,NULL,NULL,57.105,48.269
68202,"ASKO CUP Geilo, Sprint lørdag",2023-11-25,Sprint,M Senior,2023,431544,11,101.200,1443.327,0,1,0,1,NULL,NULL,48.107,48.044
68202,"ASKO CUP Geilo, Sprint lørdag",2023-11-25,Sprint,M Senior,2023,691644,12,103.700,1406.675,2,0,2,0,NULL,NULL,58.830,52.174
68202,"ASKO CUP Geilo, Sprint lørdag",2023-11-25,Sprint,M Senior,2023,4105154,13,112.600,1412.349,1,1,1,1,NULL,NULL,60.173,53.484
68202,"ASKO CUP Geilo, Sprint lørdag",2023-11-25,Sprint,M Senior,2023,694620,14,113.900,1426.328,1,0,1,0,NULL,NULL,68.301,55.632
68202,"ASKO CUP Geilo, Sprint lørdag",2023-11-25,Sprint,M Senior,2023,1948946,15,117.100,1384.654,1,3,1,3,NULL,NULL,56.648,43.420
68202,"ASKO CUP Geilo, Sprint lørdag",2023-11-25,Sprint,M Senior,2023,3750283,16,120.000,1380.676,1,3,1,3,NULL,NULL,55.967,52.323
68202,"ASKO CUP Geilo, Sprint lørdag",2023-11-25,Sprint,M Senior,2023,677695,17,120.700,1437.886,2,0,2,0,NULL,NULL,50.108,43.795
68202,"ASKO CUP Geilo, Sprint lørdag",2023-11-25,Sprint,M Senior,2023,4706502,18,124.700,1405.889,0,3,0,3,NULL,NULL,60.484,48.354
68202,"ASKO CUP Geilo, Sprint lørdag",2023-11-25,Sprint,M Senior,2023,3829293,19,125.600,1437.221,0,2,0,2,NULL,NULL,50.050,49.613
68202,"ASKO CUP Geilo, Sprint lørdag",2023-11-25,Sprint,M Senior,2023,2583084,20,130.900,1459.449,0,1,0,1,NULL,NULL,54.804,54.348
68202,"ASKO CUP Geilo, Sprint lørdag",2023-11-25,Sprint,M Senior,2023,426677,21,134.100,1413.926,1,2,1,2,NULL,NULL,54.671,57.796
68202,"ASKO CUP Geilo, Sprint lørdag",2023-11-25,Sprint,M Senior,2023,941163,22,137.300,1417.853,0,3,0,3,NULL,NULL,57.863,53.913
68202,"ASKO CUP Geilo, Sprint lørdag",2023-11-25,Sprint,M Senior,2023,4733156,23,137.900,1471.281,0,1,0,1,NULL,NULL,55.232,49.795
68202,"ASKO CUP Geilo, Sprint lørdag",2023-11-25,Sprint,M Senior,2023,5553098,24,139.900,1447.828,0,2,0,2,NULL,NULL,56.047,49.107
68202,"ASKO CUP Geilo, Sprint lørdag",2023-11-25,Sprint,M Senior,2023,933263,25,140.000,1467.498,0,1,0,1,NULL,NULL,59.359,47.817
68202,"ASKO CUP Geilo, Sprint lørdag",2023-11-25,Sprint,M Senior,2023,674472,26,142.100,1446.460,2,0,2,0,NULL,NULL,58.048,53.681
68202,"ASKO CUP Geilo, Sprint lørdag",2023-11-25,Sprint,M Senior,2023,3647940,27,143.000,1499.934,0,0,0,0,NULL,NULL,55.796,47.671
68202,"ASKO CUP Geilo, Sprint lørdag",2023-11-25,Sprint,M Senior,2023,702084,28,149.100,1431.784,0,3,0,3,NULL,NULL,56.624,50.045
68202,"ASKO CUP Geilo, Sprint lørdag",2023-11-25,Sprint,M Senior,2023,2121418,29,151.900,1442.862,2,0,2,0,NULL,NULL,68.175,53.798
68202,"ASKO CUP Geilo, Sprint lørdag",2023-11-25,Sprint,M Senior,2023,4440734,30,161.300,1437.831,1,2,1,2,NULL,NULL,60.824,56.568
68202,"ASKO CUP Geilo, Sprint lørdag",2023-11-25,Sprint,M Senior,2023,670361,31,164.600,1490.000,0,1,0,1,NULL,NULL,62.020,50.235
68202,"ASKO CUP Geilo, Sprint lørdag",2023-11-25,Sprint,M Senior,2023,4473183,32,166.100,1501.725,0,1,0,1,NULL,NULL,51.987,45.859
68202,"ASKO CUP Geilo, Sprint lørdag",2023-11-25,Sprint,M Senior,2023,5865444,33,166.500,1478.183,0,1,0,1,NULL,NULL,65.731,59.423
68202,"ASKO CUP Geilo, Sprint lørdag",2023-11-25,Sprint,M Senior,2023,6427175,33,166.500,1523.217,0,0,0,0,NULL,NULL,51.926,51.420
68202,"ASKO CUP Geilo, Sprint lørdag",2023-11-25,Sprint,M Senior,2023,3495352,35,174.900,1455.022,1,2,1,2,NULL,NULL,55.985,51.609
68202,"ASKO CUP Geilo, Sprint lørdag",2023-11-25,Sprint,M Senior,2023,5823384,36,175.100,1488.349,1,0,1,0,NULL,NULL,64.041,58.519
68202,"ASKO CUP Geilo, Sprint lørdag",2023-11-25,Sprint,M Senior,2023,2224890,37,179.800,1472.987,1,1,1,1,NULL,NULL,55.107,65.859
68202,"ASKO CUP Geilo, Sprint lørdag",2023-11-25,Sprint,M Senior,2023,915427,38,180.700,1516.197,0,0,0,0,NULL,NULL,62.341,62.109
68202,"ASKO CUP Geilo, Sprint lørdag",2023-11-25,Sprint,M Senior,2023,691896,39,181.200,1446.638,0,4,0,4,NULL,NULL,48.670,47.169
68202,"ASKO CUP Geilo, Sprint lørdag",2023-11-25,Sprint,M Senior,2023,2122627,40,184.200,1481.138,1,1,1,1,NULL,NULL,60.945,57.182
68202,"ASKO CUP Geilo, Sprint lørdag",2023-11-25,Sprint,M Senior,2023,618149,41,186.500,1477.997,1,1,1,1,NULL,NULL,62.813,58.547
68202,"ASKO CUP Geilo, Sprint lørdag",2023-11-25,Sprint,M Senior,2023,674464,42,186.800,1414.353,0,5,0,5,NULL,NULL,53.733,55.985
68202,"ASKO CUP Geilo, Sprint lørdag",2023-11-25,Sprint,M Senior,2023,4114143,43,188.300,1486.853,1,1,1,1,NULL,NULL,54.399,56.204
68202,"ASKO CUP Geilo, Sprint lørdag",2023-11-25,Sprint,M Senior,2023,4082888,44,190.900,1465.280,1,2,1,2,NULL,NULL,57.610,51.109
68202,"ASKO CUP Geilo, Sprint lørdag",2023-11-25,Sprint,M Senior,2023,431387,45,193.000,1477.622,0,2,0,2,NULL,NULL,68.798,55.113
68202,"ASKO CUP Geilo, Sprint lørdag",2023-11-25,Sprint,M Senior,2023,882172,46,194.700,1464.390,2,1,2,1,NULL,NULL,66.424,51.791
68202,"ASKO CUP Geilo, Sprint lørdag",2023-11-25,Sprint,M Senior,2023,2123122,47,198.200,1472.507,1,2,1,2,NULL,NULL,55.674,54.515
68202,"ASKO CUP Geilo, Sprint lørdag",2023-11-25,Sprint,M Senior,2023,5874910,48,201.700,1476.204,1,2,1,2,NULL,NULL,59.359,52.786
68202,"ASKO CUP Geilo, Sprint lørdag",2023-11-25,Sprint,M Senior,2023,6363161,49,202.600,1445.103,2,2,2,2,NULL,NULL,62.594,60.731
68202,"ASKO CUP Geilo, Sprint lørdag",2023-11-25,Sprint,M Senior,2023,4576577,50,204.200,1533.940,0,1,0,1,NULL,NULL,55.051,48.986
68202,"ASKO CUP Geilo, Sprint lørdag",2023-11-25,Sprint,M Senior,2023,714717,51,205.900,1468.857,1,2,1,2,NULL,NULL,62.777,64.708
68202,"ASKO CUP Geilo, Sprint lørdag",2023-11-25,Sprint,M Senior,2023,3552409,52,209.500,1510.303,1,1,1,1,NULL,NULL,57.242,53.488
68202,"ASKO CUP Geilo, Sprint lørdag",2023-11-25,Sprint,M Senior,2023,3033293,53,210.700,1449.760,3,2,3,2,NULL,NULL,53.547,43.885
68202,"ASKO CUP Geilo, Sprint lørdag",2023-11-25,Sprint,M Senior,2023,6427376,54,212.800,1570.985,0,0,0,0,NULL,NULL,54.856,46.549
68202,"ASKO CUP Geilo, Sprint lørdag",2023-11-25,Sprint,M Senior,2023,6027068,55,213.900,1464.959,0,4,0,4,NULL,NULL,53.602,53.543
68202,"ASKO CUP Geilo, Sprint lørdag",2023-11-25,Sprint,M Senior,2023,5964523,56,218.100,1480.713,1,2,1,2,NULL,NULL,61.172,60.990
68202,"ASKO CUP Geilo, Sprint lørdag",2023-11-25,Sprint,M Senior,2023,2127531,57,225.300,1447.912,3,2,3,2,NULL,NULL,59.795,55.571
68202,"ASKO CUP Geilo, Sprint lørdag",2023-11-25,Sprint,M Senior,2023,2118762,58,240.300,1543.422,0,2,0,2,NULL,NULL,56.608,52.081
68202,"ASKO CUP Geilo, Sprint lørdag",2023-11-25,Sprint,M Senior,2023,4190039,59,247.200,1536.139,1,1,1,1,NULL,NULL,63.921,57.667
68202,"ASKO CUP Geilo, Sprint lørdag",2023-11-25,Sprint,M Senior,2023,727031,60,252.200,1527.631,2,0,2,0,NULL,NULL,77.751,55.608
68202,"ASKO CUP Geilo, Sprint lørdag",2023-11-25,Sprint,M Senior,2023,1472061,61,252.600,1538.340,0,2,0,2,NULL,NULL,59.182,61.484
68202,"ASKO CUP Geilo, Sprint lørdag",2023-11-25,Sprint,M Senior,2023,2126724,62,254.700,1498.570,0,4,0,4,NULL,NULL,52.955,56.109
68202,"ASKO CUP Geilo, Sprint lørdag",2023-11-25,Sprint,M Senior,2023,2129653,63,272.400,1518.767,1,3,1,3,NULL,NULL,59.060,50.798
68202,"ASKO CUP Geilo, Sprint lørdag",2023-11-25,Sprint,M Senior,2023,5871528,64,273.700,1493.177,2,3,2,3,NULL,NULL,57.391,56.174
68202,"ASKO CUP Geilo, Sprint lørdag",2023-11-25,Sprint,M Senior,2023,4703037,65,276.100,1493.467,2,2,2,2,NULL,NULL,76.725,62.694
68202,"ASKO CUP Geilo, Sprint lørdag",2023-11-25,Sprint,M Senior,2023,4771092,66,291.100,1580.097,2,0,2,0,NULL,NULL,66.859,49.174
68202,"ASKO CUP Geilo, Sprint lørdag",2023-11-25,Sprint,M Senior,2023,4712892,67,317.500,1526.868,1,4,1,4,NULL,NULL,63.985,55.484
68202,"ASKO CUP Geilo, Sprint lørdag",2023-11-25,Sprint,M Senior,2023,445278,68,325.600,1528.602,3,2,3,2,NULL,NULL,64.233,59.538
68202,"ASKO CUP Geilo, Sprint lørdag",2023-11-25,Sprint,M Senior,2023,941393,69,333.900,1549.112,0,4,0,4,NULL,NULL,65.109,63.503
68202,"ASKO CUP Geilo, Sprint lørdag",2023-11-25,Sprint,M Senior,2023,916397,70,336.900,1618.399,1,1,1,1,NULL,NULL,59.545,62.908
68202,"ASKO CUP Geilo, Sprint lørdag",2023-11-25,Sprint,M Senior,2023,2513330,71,339.800,1585.263,1,2,1,2,NULL,NULL,69.172,62.363
68202,"ASKO CUP Geilo, Sprint lørdag",2023-11-25,Sprint,M Senior,2023,4825921,72,349.500,1564.890,2,3,2,3,NULL,NULL,63.672,53.422
68202,"ASKO CUP Geilo, Sprint lørdag",2023-11-25,Sprint,M Senior,2023,1362542,73,351.400,1607.812,0,3,0,3,NULL,NULL,57.860,58.945
68202,"ASKO CUP Geilo, Sprint lørdag",2023-11-25,Sprint,M Senior,2023,3835613,74,356.300,1551.288,3,2,3,2,NULL,NULL,64.641,61.233
68202,"ASKO CUP Geilo, Sprint lørdag",2023-11-25,Sprint,M Senior,2023,1944237,75,356.600,1547.344,3,3,3,3,NULL,NULL,58.229,55.176
68202,"ASKO CUP Geilo, Sprint lørdag",2023-11-25,Sprint,M Senior,2023,431858,76,379.400,1564.831,4,2,4,2,NULL,NULL,60.059,55.600
68202,"ASKO CUP Geilo, Sprint lørdag",2023-11-25,Sprint,M Senior,2023,2223569,77,379.700,1651.820,1,2,1,2,NULL,NULL,52.921,55.548
68202,"ASKO CUP Geilo, Sprint lørdag",2023-11-25,Sprint,M Senior,2023,2127359,78,408.500,1628.893,1,3,1,3,NULL,NULL,66.722,59.794
68202,"ASKO CUP Geilo, Sprint lørdag",2023-11-25,Sprint,M Senior,2023,4095734,79,409.300,1663.580,1,3,1,3,NULL,NULL,48.695,51.231
68202,"ASKO CUP Geilo, Sprint lørdag",2023-11-25,Sprint,M Senior,2023,491951,80,415.300,1695.689,2,1,2,1,NULL,NULL,55.035,47.063
68202,"ASKO CUP Geilo, Sprint lørdag",2023-11-25,Sprint,M Senior,2023,2569164,81,472.300,1647.297,2,4,2,4,NULL,NULL,62.986,60.548
68217,ASKO CUP Geilo sprint søndag,2023-11-26,Sprint,M Senior,2023,679924,1,0.000,1355.319,0,0,0,0,NULL,NULL,56.574,46.283
68217,ASKO CUP Geilo sprint søndag,2023-11-26,Sprint,M Senior,2023,826757,2,25.600,1388.416,0,0,0,0,NULL,NULL,49.759,42.654
68217,ASKO CUP Geilo sprint søndag,2023-11-26,Sprint,M Senior,2023,2118153,3,40.500,1364.187,1,1,1,1,NULL,NULL,48.223,42.575
68217,ASKO CUP Geilo sprint søndag,2023-11-26,Sprint,M Senior,2023,3849463,4,56.400,1392.586,0,1,0,1,NULL,NULL,55.844,44.657
68217,ASKO CUP Geilo sprint søndag,2023-11-26,Sprint,M Senior,2023,1562650,5,60.200,1409.271,0,0,0,0,NULL,NULL,51.531,54.891
68217,ASKO CUP Geilo sprint søndag,2023-11-26,Sprint,M Senior,2023,3829293,6,63.800,1418.976,0,0,0,0,NULL,NULL,54.031,46.635
68217,ASKO CUP Geilo sprint søndag,2023-11-26,Sprint,M Senior,2023,426677,7,78.500,1407.001,0,1,0,1,NULL,NULL,58.347,47.909
68217,ASKO CUP Geilo sprint søndag,2023-11-26,Sprint,M Senior,2023,2269734,8,80.200,1408.078,1,0,1,0,NULL,NULL,50.484,54.463
68217,ASKO CUP Geilo sprint søndag,2023-11-26,Sprint,M Senior,2023,691896,9,85.200,1440.723,0,0,0,0,NULL,NULL,51.280,48.836
68217,ASKO CUP Geilo sprint søndag,2023-11-26,Sprint,M Senior,2023,941163,10,86.500,1410.027,0,1,0,1,NULL,NULL,57.592,51.195
68217,ASKO CUP Geilo sprint søndag,2023-11-26,Sprint,M Senior,2023,4706502,11,89.300,1423.622,0,1,0,1,NULL,NULL,50.780,46.028
68217,ASKO CUP Geilo sprint søndag,2023-11-26,Sprint,M Senior,2023,3750283,12,90.400,1386.228,0,2,0,2,NULL,NULL,58.847,56.874
68217,ASKO CUP Geilo sprint søndag,2023-11-26,Sprint,M Senior,2023,415168,13,93.800,1429.867,1,0,1,0,NULL,NULL,48.972,47.515
68217,ASKO CUP Geilo sprint søndag,2023-11-26,Sprint,M Senior,2023,1948946,14,94.300,1393.803,1,1,1,1,NULL,NULL,65.911,43.842
68217,ASKO CUP Geilo sprint søndag,2023-11-26,Sprint,M Senior,2023,356854,15,97.600,1413.767,0,2,0,2,NULL,NULL,45.651,47.746
68217,ASKO CUP Geilo sprint søndag,2023-11-26,Sprint,M Senior,2023,3687444,16,98.200,1383.650,0,3,0,3,NULL,NULL,55.384,49.902
68217,ASKO CUP Geilo sprint søndag,2023-11-26,Sprint,M Senior,2023,2127531,17,101.100,1423.212,0,1,0,1,NULL,NULL,55.219,54.155
68217,ASKO CUP Geilo sprint søndag,2023-11-26,Sprint,M Senior,2023,694620,18,101.300,1423.801,1,0,1,0,NULL,NULL,57.157,53.782
68217,ASKO CUP Geilo sprint søndag,2023-11-26,Sprint,M Senior,2023,702084,19,106.200,1435.826,0,1,0,1,NULL,NULL,56.004,47.097
68217,ASKO CUP Geilo sprint søndag,2023-11-26,Sprint,M Senior,2023,431544,20,107.500,1422.508,1,1,1,1,NULL,NULL,47.964,45.469
68217,ASKO CUP Geilo sprint søndag,2023-11-26,Sprint,M Senior,2023,674472,21,124.200,1420.328,2,0,2,0,NULL,NULL,59.782,52.030
68217,ASKO CUP Geilo sprint søndag,2023-11-26,Sprint,M Senior,2023,6027068,22,133.400,1436.414,1,1,1,1,NULL,NULL,54.530,50.594
68217,ASKO CUP Geilo sprint søndag,2023-11-26,Sprint,M Senior,2023,4440734,23,139.900,1442.155,0,2,0,2,NULL,NULL,56.032,53.205
68217,ASKO CUP Geilo sprint søndag,2023-11-26,Sprint,M Senior,2023,4105154,24,141.400,1411.405,1,2,1,2,NULL,NULL,59.151,57.909
68217,ASKO CUP Geilo sprint søndag,2023-11-26,Sprint,M Senior,2023,4733156,25,157.300,1489.056,0,1,0,1,NULL,NULL,52.963,47.655
68217,ASKO CUP Geilo sprint søndag,2023-11-26,Sprint,M Senior,2023,674457,26,160.300,1401.779,3,2,3,2,NULL,NULL,52.560,45.728
68217,ASKO CUP Geilo sprint søndag,2023-11-26,Sprint,M Senior,2023,431387,27,162.600,1475.279,2,0,2,0,NULL,NULL,49.406,44.883
68217,ASKO CUP Geilo sprint søndag,2023-11-26,Sprint,M Senior,2023,882172,28,164.800,1460.137,0,2,0,2,NULL,NULL,60.569,54.344
68217,ASKO CUP Geilo sprint søndag,2023-11-26,Sprint,M Senior,2023,5964523,29,165.500,1441.692,1,2,1,2,NULL,NULL,54.465,54.030
68217,ASKO CUP Geilo sprint søndag,2023-11-26,Sprint,M Senior,2023,674464,30,166.700,1425.629,2,2,2,2,NULL,NULL,54.658,47.531
68217,ASKO CUP Geilo sprint søndag,2023-11-26,Sprint,M Senior,2023,3033293,31,168.700,1443.269,0,3,0,3,NULL,NULL,58.469,51.782
68217,ASKO CUP Geilo sprint søndag,2023-11-26,Sprint,M Senior,2023,4114143,32,170.200,1480.223,0,1,0,1,NULL,NULL,59.533,59.721
68217,ASKO CUP Geilo sprint søndag,2023-11-26,Sprint,M Senior,2023,2121418,33,181.200,1449.819,1,2,1,2,NULL,NULL,60.031,55.596
68217,ASKO CUP Geilo sprint søndag,2023-11-26,Sprint,M Senior,2023,6427175,34,182.000,1505.660,0,1,0,1,NULL,NULL,52.398,54.281
68217,ASKO CUP Geilo sprint søndag,2023-11-26,Sprint,M Senior,2023,5553098,35,183.200,1434.027,2,1,2,1,NULL,NULL,81.720,53.655
68217,ASKO CUP Geilo sprint søndag,2023-11-26,Sprint,M Senior,2023,3495352,36,184.100,1454.531,2,1,2,1,NULL,NULL,61.345,50.781
68217,ASKO CUP Geilo sprint søndag,2023-11-26,Sprint,M Senior,2023,2123122,37,185.600,1450.165,0,3,0,3,NULL,NULL,56.280,58.594
68217,ASKO CUP Geilo sprint søndag,2023-11-26,Sprint,M Senior,2023,5874910,38,186.200,1482.912,0,2,0,2,NULL,NULL,56.430,53.985
68217,ASKO CUP Geilo sprint søndag,2023-11-26,Sprint,M Senior,2023,691644,39,187.000,1446.735,0,3,0,3,NULL,NULL,63.350,59.295
68217,ASKO CUP Geilo sprint søndag,2023-11-26,Sprint,M Senior,2023,670361,40,188.900,1490.482,1,1,1,1,NULL,NULL,62.719,44.696
68217,ASKO CUP Geilo sprint søndag,2023-11-26,Sprint,M Senior,2023,4082888,41,189.100,1470.103,1,2,1,2,NULL,NULL,51.467,49.798
68217,ASKO CUP Geilo sprint søndag,2023-11-26,Sprint,M Senior,2023,3647940,42,189.700,1509.955,0,1,0,1,NULL,NULL,56.158,53.843
68217,ASKO CUP Geilo sprint søndag,2023-11-26,Sprint,M Senior,2023,3552409,43,190.500,1486.254,0,2,0,2,NULL,NULL,58.655,50.594
68217,ASKO CUP Geilo sprint søndag,2023-11-26,Sprint,M Senior,2023,2122627,44,194.100,1488.421,1,1,1,1,NULL,NULL,58.777,55.718
68217,ASKO CUP Geilo sprint søndag,2023-11-26,Sprint,M Senior,2023,5865444,45,195.900,1478.498,0,2,0,2,NULL,NULL,63.406,59.349
68217,ASKO CUP Geilo sprint søndag,2023-11-26,Sprint,M Senior,2023,1944237,46,200.200,1443.268,4,0,4,0,NULL,NULL,64.836,48.823
68217,ASKO CUP Geilo sprint søndag,2023-11-26,Sprint,M Senior,2023,1472061,47,200.400,1481.690,1,2,1,2,NULL,NULL,48.469,51.532
68217,ASKO CUP Geilo sprint søndag,2023-11-26,Sprint,M Senior,2023,677695,48,204.200,1435.383,2,3,2,3,NULL,NULL,50.538,52.786
68217,ASKO CUP Geilo sprint søndag,2023-11-26,Sprint,M Senior,2023,2583084,49,210.400,1475.218,1,2,1,2,NULL,NULL,54.840,63.341
68217,ASKO CUP Geilo sprint søndag,2023-11-26,Sprint,M Senior,2023,933263,50,212.500,1478.261,0,3,0,3,NULL,NULL,62.680,51.061
68217,ASKO CUP Geilo sprint søndag,2023-11-26,Sprint,M Senior,2023,6427376,51,218.900,1572.714,0,0,0,0,NULL,NULL,55.657,45.408
68217,ASKO CUP Geilo sprint søndag,2023-11-26,Sprint,M Senior,2023,2224890,52,225.900,1474.271,1,3,1,3,NULL,NULL,54.908,56.258
68217,ASKO CUP Geilo sprint søndag,2023-11-26,Sprint,M Senior,2023,727031,53,234.200,1522.387,1,1,1,1,NULL,NULL,63.542,54.718
68217,ASKO CUP Geilo sprint søndag,2023-11-26,Sprint,M Senior,2023,714717,54,242.500,1482.940,2,2,2,2,NULL,NULL,61.405,59.471
68217,ASKO CUP Geilo sprint søndag,2023-11-26,Sprint,M Senior,2023,431858,55,248.100,1578.704,0,0,0,0,NULL,NULL,63.246,59.361
68217,ASKO CUP Geilo sprint søndag,2023-11-26,Sprint,M Senior,2023,2118762,56,251.200,1546.020,1,1,1,1,NULL,NULL,58.524,53.409
68217,ASKO CUP Geilo sprint søndag,2023-11-26,Sprint,M Senior,2023,5871528,57,273.500,1519.997,1,3,1,3,NULL,NULL,56.554,53.474
68217,ASKO CUP Geilo sprint søndag,2023-11-26,Sprint,M Senior,2023,916397,58,276.200,1595.987,0,1,0,1,NULL,NULL,58.360,48.670
68217,ASKO CUP Geilo sprint søndag,2023-11-26,Sprint,M Senior,2023,915427,59,278.500,1557.626,1,1,1,1,NULL,NULL,63.219,57.968
68217,ASKO CUP Geilo sprint søndag,2023-11-26,Sprint,M Senior,2023,3835613,60,280.600,1524.282,1,2,1,2,NULL,NULL,71.470,57.723
68217,ASKO CUP Geilo sprint søndag,2023-11-26,Sprint,M Senior,2023,445278,61,283.500,1553.118,2,0,2,0,NULL,NULL,72.167,59.220
68217,ASKO CUP Geilo sprint søndag,2023-11-26,Sprint,M Senior,2023,4576577,61,283.500,1529.144,2,2,2,2,NULL,NULL,54.011,50.595
68217,ASKO CUP Geilo sprint søndag,2023-11-26,Sprint,M Senior,2023,4703037,63,290.300,1479.981,2,3,2,3,NULL,NULL,69.911,66.247
68217,ASKO CUP Geilo sprint søndag,2023-11-26,Sprint,M Senior,2023,618149,64,295.500,1476.995,3,2,3,2,NULL,NULL,81.165,69.473
68217,ASKO CUP Geilo sprint søndag,2023-11-26,Sprint,M Senior,2023,1362542,65,304.200,1599.495,0,2,0,2,NULL,NULL,51.448,56.504
68217,ASKO CUP Geilo sprint søndag,2023-11-26,Sprint,M Senior,2023,2129653,66,309.200,1519.330,1,4,1,4,NULL,NULL,58.910,56.090
68217,ASKO CUP Geilo sprint søndag,2023-11-26,Sprint,M Senior,2023,2223569,67,318.600,1618.416,2,0,2,0,NULL,NULL,51.916,52.785
68217,ASKO CUP Geilo sprint søndag,2023-11-26,Sprint,M Senior,2023,1891104,68,319.400,1555.583,2,2,2,2,NULL,NULL,64.906,53.718
68217,ASKO CUP Geilo sprint søndag,2023-11-26,Sprint,M Senior,2023,5823384,69,321.000,1547.203,3,1,3,1,NULL,NULL,64.160,62.405
68217,ASKO CUP Geilo sprint søndag,2023-11-26,Sprint,M Senior,2023,4190039,70,334.200,1545.641,3,2,3,2,NULL,NULL,67.468,57.599
68217,ASKO CUP Geilo sprint søndag,2023-11-26,Sprint,M Senior,2023,491951,71,348.800,1674.067,0,1,0,1,NULL,NULL,57.457,47.720
68217,ASKO CUP Geilo sprint søndag,2023-11-26,Sprint,M Senior,2023,4095734,72,366.800,1656.298,1,2,1,2,NULL,NULL,47.124,45.095
68217,ASKO CUP Geilo sprint søndag,2023-11-26,Sprint,M Senior,2023,2127359,73,423.400,1659.377,1,2,1,2,NULL,NULL,73.029,61.490
68217,ASKO CUP Geilo sprint søndag,2023-11-26,Sprint,M Senior,2023,2513330,74,437.400,1612.402,3,2,3,2,NULL,NULL,66.345,73.489
69268,ASKO CUP Dombås Normal,2023-12-09,Normal,M Senior,2023,2118153,1,0.000,2792.810,0,0,0,0,0,0,118.778,107.007
69268,ASKO CUP Dombås Normal,2023-12-09,Normal,M Senior,2023,409580,2,58.000,2685.332,0,3,0,1,0,2,98.109,290.095
69268,ASKO CUP Dombås Normal,2023-12-09,Normal,M Senior,2023,426677,3,67.800,2727.584,1,1,1,1,0,0,183.944,176.874
69268,ASKO CUP Dombås Normal,2023-12-09,Normal,M Senior,2023,674457,4,77.500,2697.170,0,3,0,1,0,2,122.712,281.621
69268,ASKO CUP Dombås Normal,2023-12-09,Normal,M Senior,2023,674464,5,138.900,2701.137,0,4,0,1,0,3,106.313,346.565
69268,ASKO CUP Dombås Normal,2023-12-09,Normal,M Senior,2023,3033293,6,140.200,2852.838,0,1,0,1,0,0,126.991,174.211
69268,ASKO CUP Dombås Normal,2023-12-09,Normal,M Senior,2023,356854,7,175.600,2734.533,1,3,1,1,0,2,171.396,285.387
69268,ASKO CUP Dombås Normal,2023-12-09,Normal,M Senior,2023,3750283,8,188.500,2664.273,2,3,1,1,1,2,244.568,301.141
69268,ASKO CUP Dombås Normal,2023-12-09,Normal,M Senior,2023,3829293,9,211.800,2821.967,2,1,0,0,2,1,234.153,169.376
69268,ASKO CUP Dombås Normal,2023-12-09,Normal,M Senior,2023,1778366,10,240.000,2735.414,3,2,2,0,1,2,301.629,220.242
69268,ASKO CUP Dombås Normal,2023-12-09,Normal,M Senior,2023,5865444,11,245.000,2855.007,2,0,1,0,1,0,278.539,122.632
69268,ASKO CUP Dombås Normal,2023-12-09,Normal,M Senior,2023,674472,12,245.800,2773.592,1,3,0,2,1,1,174.633,307.425
69268,ASKO CUP Dombås Normal,2023-12-09,Normal,M Senior,2023,1562650,13,258.100,2848.122,2,1,1,0,1,1,242.912,179.598
69268,ASKO CUP Dombås Normal,2023-12-09,Normal,M Senior,2023,694620,14,308.200,2762.986,1,4,1,2,0,2,195.641,368.764
69268,ASKO CUP Dombås Normal,2023-12-09,Normal,M Senior,2023,415168,15,310.900,2868.205,3,1,1,1,2,0,292.387,160.752
69268,ASKO CUP Dombås Normal,2023-12-09,Normal,M Senior,2023,2223534,16,313.300,2968.461,2,0,1,0,1,0,244.276,111.525
69268,ASKO CUP Dombås Normal,2023-12-09,Normal,M Senior,2023,431387,17,317.000,2916.658,1,2,0,2,1,0,179.867,234.474
69268,ASKO CUP Dombås Normal,2023-12-09,Normal,M Senior,2023,4105154,18,345.200,2815.217,2,3,2,1,0,2,248.436,296.086
69268,ASKO CUP Dombås Normal,2023-12-09,Normal,M Senior,2023,3687444,19,346.700,2701.068,3,4,0,2,3,2,308.024,354.989
69268,ASKO CUP Dombås Normal,2023-12-09,Normal,M Senior,2023,1362542,20,498.700,3099.119,0,3,0,1,0,2,119.593,294.888
69268,ASKO CUP Dombås Normal,2023-12-09,Normal,M Senior,2023,2124123,21,527.200,3050.368,1,3,1,2,0,1,184.256,303.322
69268,ASKO CUP Dombås Normal,2023-12-09,Normal,M Senior,2023,634400,22,539.700,2775.715,7,2,4,0,3,2,549.944,228.681
69268,ASKO CUP Dombås Normal,2023-12-09,Normal,M Senior,2023,677695,23,571.400,2842.611,4,4,0,3,4,1,385.395,356.288
69268,ASKO CUP Dombås Normal,2023-12-09,Normal,M Senior,2023,4190039,24,580.500,3025.005,2,3,1,2,1,1,255.235,302.756
69268,ASKO CUP Dombås Normal,2023-12-09,Normal,M Senior,2023,445278,25,628.000,3034.371,1,4,1,2,0,2,226.618,374.191
69268,ASKO CUP Dombås Normal,2023-12-09,Normal,M Senior,2023,941163,26,653.700,2960.638,0,7,0,4,0,3,135.628,557.506
69269,ASKO CUP Dombås Sprint,2023-12-10,Sprint,M Senior,2023,3687444,1,0.000,1287.357,0,2,0,2,NULL,NULL,52.268,49.074
69269,ASKO CUP Dombås Sprint,2023-12-10,Sprint,M Senior,2023,674464,2,16.200,1310.372,0,1,0,1,NULL,NULL,61.673,51.581
69269,ASKO CUP Dombås Sprint,2023-12-10,Sprint,M Senior,2023,1562650,3,16.800,1334.419,0,0,0,0,NULL,NULL,59.207,52.204
69269,ASKO CUP Dombås Sprint,2023-12-10,Sprint,M Senior,2023,2118153,4,26.500,1328.150,1,0,1,0,NULL,NULL,53.955,49.016
69269,ASKO CUP Dombås Sprint,2023-12-10,Sprint,M Senior,2023,3033293,5,41.900,1349.223,0,0,0,0,NULL,NULL,60.181,59.555
69269,ASKO CUP Dombås Sprint,2023-12-10,Sprint,M Senior,2023,356854,6,42.400,1344.633,0,1,0,1,NULL,NULL,51.609,48.894
69269,ASKO CUP Dombås Sprint,2023-12-10,Sprint,M Senior,2023,426677,7,48.100,1319.394,1,1,1,1,NULL,NULL,59.924,54.427
69269,ASKO CUP Dombås Sprint,2023-12-10,Sprint,M Senior,2023,677695,8,64.000,1333.145,0,2,0,2,NULL,NULL,54.859,58.645
69269,ASKO CUP Dombås Sprint,2023-12-10,Sprint,M Senior,2023,409580,9,66.400,1326.608,1,2,1,2,NULL,NULL,50.370,50.169
69269,ASKO CUP Dombås Sprint,2023-12-10,Sprint,M Senior,2023,3750283,10,69.700,1315.113,0,3,0,3,NULL,NULL,61.461,54.171
69269,ASKO CUP Dombås Sprint,2023-12-10,Sprint,M Senior,2023,674457,11,75.900,1312.256,1,3,1,3,NULL,NULL,55.645,49.573
69269,ASKO CUP Dombås Sprint,2023-12-10,Sprint,M Senior,2023,5865444,12,77.700,1371.527,1,0,1,0,NULL,NULL,61.836,49.228
69269,ASKO CUP Dombås Sprint,2023-12-10,Sprint,M Senior,2023,941163,13,84.700,1363.296,0,1,0,1,NULL,NULL,62.429,62.939
69269,ASKO CUP Dombås Sprint,2023-12-10,Sprint,M Senior,2023,415168,14,89.200,1375.762,0,1,0,1,NULL,NULL,64.017,54.645
69269,ASKO CUP Dombås Sprint,2023-12-10,Sprint,M Senior,2023,3829293,15,109.000,1350.433,1,2,1,2,NULL,NULL,58.999,55.721
69269,ASKO CUP Dombås Sprint,2023-12-10,Sprint,M Senior,2023,694620,16,112.300,1334.262,2,1,2,1,NULL,NULL,75.082,62.070
69269,ASKO CUP Dombås Sprint,2023-12-10,Sprint,M Senior,2023,431387,17,125.700,1387.420,2,0,2,0,NULL,NULL,52.269,67.460
69269,ASKO CUP Dombås Sprint,2023-12-10,Sprint,M Senior,2023,4190039,18,153.800,1456.884,0,0,0,0,NULL,NULL,64.830,57.271
69269,ASKO CUP Dombås Sprint,2023-12-10,Sprint,M Senior,2023,1778366,19,169.100,1391.135,1,3,1,3,NULL,NULL,57.345,51.436
69269,ASKO CUP Dombås Sprint,2023-12-10,Sprint,M Senior,2023,445278,20,239.800,1454.187,2,1,2,1,NULL,NULL,72.984,61.895
69269,ASKO CUP Dombås Sprint,2023-12-10,Sprint,M Senior,2023,1362542,21,245.800,1503.357,0,2,0,2,NULL,NULL,56.023,58.803
69269,ASKO CUP Dombås Sprint,2023-12-10,Sprint,M Senior,2023,4105154,22,256.600,1365.254,4,3,4,3,NULL,NULL,71.959,67.112
69269,ASKO CUP Dombås Sprint,2023-12-10,Sprint,M Senior,2023,2124123,23,264.700,1486.743,1,2,1,2,NULL,NULL,61.920,61.711
69269,ASKO CUP Dombås Sprint,2023-12-10,Sprint,M Senior,2023,2223534,24,294.500,1443.082,3,3,3,3,NULL,NULL,64.768,57.767
69269,ASKO CUP Dombås Sprint,2023-12-10,Sprint,M Senior,2023,4496387,25,445.400,1641.040,0,3,0,3,NULL,NULL,69.676,67.426
68621,ASKO CUP LYGNA - Fellesstart/Sprint,2024-01-13,Fellesstart,M Senior,2023,677695,1,0.000,2131.833,1,0,0,1,0,0,99.288,94.046
68621,ASKO CUP LYGNA - Fellesstart/Sprint,2024-01-13,Fellesstart,M Senior,2023,674457,2,1.800,2080.140,2,2,1,1,1,1,102.961,85.436
68621,ASKO CUP LYGNA - Fellesstart/Sprint,2024-01-13,Fellesstart,M Senior,2023,674472,3,17.300,2116.378,1,1,0,1,1,0,106.698,97.164
68621,ASKO CUP LYGNA - Fellesstart/Sprint,2024-01-13,Fellesstart,M Senior,2023,3849463,4,26.000,2123.329,1,2,0,1,1,1,103.209,84.688
68621,ASKO CUP LYGNA - Fellesstart/Sprint,2024-01-13,Fellesstart,M Senior,2023,3687444,5,33.900,2061.878,3,2,2,1,1,1,112.791,101.044
68621,ASKO CUP LYGNA - Fellesstart/Sprint,2024-01-13,Fellesstart,M Senior,2023,409580,6,34.600,2096.423,3,1,2,1,1,0,95.399,101.484
68621,ASKO CUP LYGNA - Fellesstart/Sprint,2024-01-13,Fellesstart,M Senior,2023,415168,7,36.000,2135.373,0,2,0,0,2,0,103.667,100.982
68621,ASKO CUP LYGNA - Fellesstart/Sprint,2024-01-13,Fellesstart,M Senior,2023,356854,8,43.600,2147.717,1,1,0,1,1,0,97.748,98.491
68621,ASKO CUP LYGNA - Fellesstart/Sprint,2024-01-13,Fellesstart,M Senior,2023,679924,9,60.800,2089.481,2,3,2,0,1,2,109.447,94.764
68621,ASKO CUP LYGNA - Fellesstart/Sprint,2024-01-13,Fellesstart,M Senior,2023,4188653,10,60.900,2130.217,1,3,1,0,1,2,96.476,91.485
68621,ASKO CUP LYGNA - Fellesstart/Sprint,2024-01-13,Fellesstart,M Senior,2023,634400,11,80.100,2167.093,2,0,1,1,0,0,110.891,104.410
68621,ASKO CUP LYGNA - Fellesstart/Sprint,2024-01-13,Fellesstart,M Senior,2023,1948946,12,113.300,2141.325,1,4,1,0,1,3,111.891,91.629
68621,ASKO CUP LYGNA - Fellesstart/Sprint,2024-01-13,Fellesstart,M Senior,2023,3750283,13,117.500,2119.954,1,5,1,0,3,2,105.341,104.768
68621,ASKO CUP LYGNA - Fellesstart/Sprint,2024-01-13,Fellesstart,M Senior,2023,674464,14,118.500,2124.922,1,5,0,1,2,3,102.543,100.228
68621,ASKO CUP LYGNA - Fellesstart/Sprint,2024-01-13,Fellesstart,M Senior,2023,1778366,15,172.800,2182.091,1,4,0,1,1,3,114.818,103.921
68621,ASKO CUP LYGNA - Fellesstart/Sprint,2024-01-13,Fellesstart,M Senior,2023,694606,16,174.700,2309.033,0,0,0,0,0,0,107.540,105.107
68621,ASKO CUP LYGNA - Fellesstart/Sprint,2024-01-13,Fellesstart,M Senior,2023,426677,17,175.000,2181.159,3,3,2,1,2,1,107.883,94.798
68621,ASKO CUP LYGNA - Fellesstart/Sprint,2024-01-13,Fellesstart,M Senior,2023,4105154,18,204.500,2165.574,5,2,1,4,1,1,116.159,103.356
68621,ASKO CUP LYGNA - Fellesstart/Sprint,2024-01-13,Fellesstart,M Senior,2023,4473183,19,217.600,2327.514,1,0,1,0,0,0,118.732,91.234
68621,ASKO CUP LYGNA - Fellesstart/Sprint,2024-01-13,Fellesstart,M Senior,2023,694620,20,225.500,2163.130,5,3,2,3,1,2,126.789,100.478
68621,ASKO CUP LYGNA - Fellesstart/Sprint,2024-01-13,Fellesstart,M Senior,2023,3033293,21,260.400,2314.676,2,1,2,0,1,0,118.166,102.651
68621,ASKO CUP LYGNA - Fellesstart/Sprint,2024-01-13,Fellesstart,M Senior,2023,431544,22,286.900,2357.258,2,1,1,1,1,0,99.602,104.105
68621,ASKO CUP LYGNA - Fellesstart/Sprint,2024-01-13,Fellesstart,M Senior,2023,5865444,23,339.500,2329.140,1,3,1,0,1,2,136.631,115.983
68621,ASKO CUP LYGNA - Fellesstart/Sprint,2024-01-13,Fellesstart,M Senior,2023,445278,24,385.600,2399.941,0,3,0,0,2,1,138.422,117.920
68621,ASKO CUP LYGNA - Fellesstart/Sprint,2024-01-13,Fellesstart,M Senior,2023,1944237,25,403.200,2378.083,5,1,3,2,1,0,123.994,102.731
68621,ASKO CUP LYGNA - Fellesstart/Sprint,2024-01-13,Fellesstart,M Senior,2023,4190039,26,535.700,2392.675,6,4,2,4,2,2,126.430,105.168
68621,ASKO CUP LYGNA - Fellesstart/Sprint,2024-01-13,Fellesstart,M Senior,2023,4080652,27,787.100,2636.011,4,4,3,1,2,2,131.917,119.050
68621,ASKO CUP LYGNA - Fellesstart/Sprint,2024-01-13,Fellesstart,M Senior,2023,4496387,28,923.100,2817.876,3,4,3,0,3,1,126.352,112.033
68622,ASKO CUP LYGNA Sprint/Fellesstart,2024-01-14,Sprint,M Senior,2023,3687444,1,0.000,1419.624,0,2,0,2,NULL,NULL,54.800,51.652
68622,ASKO CUP LYGNA Sprint/Fellesstart,2024-01-14,Sprint,M Senior,2023,674472,2,16.500,1472.910,0,0,0,0,NULL,NULL,61.758,54.158
68622,ASKO CUP LYGNA Sprint/Fellesstart,2024-01-14,Sprint,M Senior,2023,356854,3,31.200,1479.403,0,1,0,1,NULL,NULL,49.070,48.936
68622,ASKO CUP LYGNA Sprint/Fellesstart,2024-01-14,Sprint,M Senior,2023,409580,4,44.400,1465.164,1,1,1,1,NULL,NULL,54.509,49.449
68622,ASKO CUP LYGNA Sprint/Fellesstart,2024-01-14,Sprint,M Senior,2023,415168,5,46.900,1485.368,0,1,0,1,NULL,NULL,56.617,52.822
68622,ASKO CUP LYGNA Sprint/Fellesstart,2024-01-14,Sprint,M Senior,2023,3033293,6,56.500,1506.844,0,0,0,0,NULL,NULL,60.896,61.073
68622,ASKO CUP LYGNA Sprint/Fellesstart,2024-01-14,Sprint,M Senior,2023,1948946,7,60.100,1493.370,1,0,1,0,NULL,NULL,63.227,48.594
68622,ASKO CUP LYGNA Sprint/Fellesstart,2024-01-14,Sprint,M Senior,2023,3849463,8,60.600,1478.465,0,2,0,2,NULL,NULL,57.027,48.286
68622,ASKO CUP LYGNA Sprint/Fellesstart,2024-01-14,Sprint,M Senior,2023,4188653,9,63.000,1525.649,0,0,0,0,NULL,NULL,62.761,46.883
68622,ASKO CUP LYGNA Sprint/Fellesstart,2024-01-14,Sprint,M Senior,2023,679924,10,69.600,1438.491,2,2,2,2,NULL,NULL,58.727,48.585
68622,ASKO CUP LYGNA Sprint/Fellesstart,2024-01-14,Sprint,M Senior,2023,431544,11,70.200,1546.219,0,0,0,0,NULL,NULL,47.380,49.037
68622,ASKO CUP LYGNA Sprint/Fellesstart,2024-01-14,Sprint,M Senior,2023,674457,12,70.900,1453.154,2,2,2,2,NULL,NULL,53.196,46.264
68622,ASKO CUP LYGNA Sprint/Fellesstart,2024-01-14,Sprint,M Senior,2023,426677,13,77.900,1483.464,1,1,1,1,NULL,NULL,61.636,55.728
68622,ASKO CUP LYGNA Sprint/Fellesstart,2024-01-14,Sprint,M Senior,2023,4105154,14,122.900,1511.733,1,1,1,1,NULL,NULL,58.419,76.805
68622,ASKO CUP LYGNA Sprint/Fellesstart,2024-01-14,Sprint,M Senior,2023,634400,15,124.200,1535.500,1,1,1,1,NULL,NULL,59.563,51.479
68622,ASKO CUP LYGNA Sprint/Fellesstart,2024-01-14,Sprint,M Senior,2023,677695,16,125.400,1509.621,2,1,2,1,NULL,NULL,61.921,48.768
68622,ASKO CUP LYGNA Sprint/Fellesstart,2024-01-14,Sprint,M Senior,2023,1778366,17,128.300,1534.476,1,1,1,1,NULL,NULL,60.886,54.392
68622,ASKO CUP LYGNA Sprint/Fellesstart,2024-01-14,Sprint,M Senior,2023,674464,18,130.300,1494.955,3,1,3,1,NULL,NULL,60.853,48.946
68622,ASKO CUP LYGNA Sprint/Fellesstart,2024-01-14,Sprint,M Senior,2023,3750283,19,131.000,1476.728,1,3,1,3,NULL,NULL,66.290,61.228
68622,ASKO CUP LYGNA Sprint/Fellesstart,2024-01-14,Sprint,M Senior,2023,694620,20,137.900,1475.402,2,2,2,2,NULL,NULL,73.488,60.666
68622,ASKO CUP LYGNA Sprint/Fellesstart,2024-01-14,Sprint,M Senior,2023,5865444,21,196.400,1616.745,1,0,1,0,NULL,NULL,69.850,56.858
68622,ASKO CUP LYGNA Sprint/Fellesstart,2024-01-14,Sprint,M Senior,2023,1944237,22,207.900,1584.332,3,0,3,0,NULL,NULL,67.789,52.248
68622,ASKO CUP LYGNA Sprint/Fellesstart,2024-01-14,Sprint,M Senior,2023,4473183,23,220.600,1625.617,2,0,2,0,NULL,NULL,64.064,45.875
68622,ASKO CUP LYGNA Sprint/Fellesstart,2024-01-14,Sprint,M Senior,2023,4190039,24,362.500,1663.907,3,2,3,2,NULL,NULL,71.698,59.635
68622,ASKO CUP LYGNA Sprint/Fellesstart,2024-01-14,Sprint,M Senior,2023,445278,25,402.400,1727.712,3,1,3,1,NULL,NULL,72.440,59.316
68622,ASKO CUP LYGNA Sprint/Fellesstart,2024-01-14,Sprint,M Senior,2023,4496387,26,476.100,1844.846,0,2,0,2,NULL,NULL,71.238,67.946
68565,NM Junior/ASKO Cup Fellesstart senior og 20-22 år,2024-02-02,Fellesstart,M Senior,2023,674457,1,0.000,1887.930,2,3,2,0,1,2,98.240,86.363
68565,NM Junior/ASKO Cup Fellesstart senior og 20-22 år,2024-02-02,Fellesstart,M Senior,2023,3687444,2,25.800,1877.864,2,4,1,1,1,3,101.880,88.146
68565,NM Junior/ASKO Cup Fellesstart senior og 20-22 år,2024-02-02,Fellesstart,M Senior,2023,409580,3,32.400,1942.672,1,2,0,1,1,1,93.351,98.468
68565,NM Junior/ASKO Cup Fellesstart senior og 20-22 år,2024-02-02,Fellesstart,M Senior,2023,415168,4,45.500,1973.018,2,0,2,0,0,0,99.320,96.495
68565,NM Junior/ASKO Cup Fellesstart senior og 20-22 år,2024-02-02,Fellesstart,M Senior,2023,679924,5,57.600,1918.693,1,4,0,1,1,3,106.003,91.199
68565,NM Junior/ASKO Cup Fellesstart senior og 20-22 år,2024-02-02,Fellesstart,M Senior,2023,4188653,6,79.000,1972.753,1,3,0,1,2,1,92.196,87.697
68565,NM Junior/ASKO Cup Fellesstart senior og 20-22 år,2024-02-02,Fellesstart,M Senior,2023,674464,7,81.200,1978.802,0,3,0,0,1,2,104.254,99.576
68565,NM Junior/ASKO Cup Fellesstart senior og 20-22 år,2024-02-02,Fellesstart,M Senior,2023,426677,8,97.000,1949.524,3,2,2,1,0,2,108.319,99.633
68565,NM Junior/ASKO Cup Fellesstart senior og 20-22 år,2024-02-02,Fellesstart,M Senior,2023,3750283,9,97.500,1977.261,1,3,1,0,2,1,109.005,96.436
68565,NM Junior/ASKO Cup Fellesstart senior og 20-22 år,2024-02-02,Fellesstart,M Senior,2023,2269734,10,113.600,2029.072,1,1,1,0,0,1,118.261,95.744
68565,NM Junior/ASKO Cup Fellesstart senior og 20-22 år,2024-02-02,Fellesstart,M Senior,2023,431544,11,119.900,2027.762,0,3,0,0,2,1,93.653,90.792
68565,NM Junior/ASKO Cup Fellesstart senior og 20-22 år,2024-02-02,Fellesstart,M Senior,2023,1948946,12,121.800,2039.683,0,2,0,0,0,2,107.528,90.877
68565,NM Junior/ASKO Cup Fellesstart senior og 20-22 år,2024-02-02,Fellesstart,M Senior,2023,1778366,13,125.200,1964.924,1,4,0,1,1,3,111.097,97.566
68565,NM Junior/ASKO Cup Fellesstart senior og 20-22 år,2024-02-02,Fellesstart,M Senior,2023,356854,14,144.400,2040.304,2,1,1,1,1,0,101.953,96.003
68565,NM Junior/ASKO Cup Fellesstart senior og 20-22 år,2024-02-02,Fellesstart,M Senior,2023,634400,15,171.800,2061.683,2,1,1,1,0,1,108.100,101.630
68565,NM Junior/ASKO Cup Fellesstart senior og 20-22 år,2024-02-02,Fellesstart,M Senior,2023,3829293,16,172.100,2096.267,1,1,0,1,0,1,98.129,93.709
68565,NM Junior/ASKO Cup Fellesstart senior og 20-22 år,2024-02-02,Fellesstart,M Senior,2023,4473183,17,179.700,2120.852,0,1,0,0,1,0,108.252,88.384
68565,NM Junior/ASKO Cup Fellesstart senior og 20-22 år,2024-02-02,Fellesstart,M Senior,2023,3033293,18,247.000,2117.057,2,2,1,1,0,2,109.065,94.604
68565,NM Junior/ASKO Cup Fellesstart senior og 20-22 år,2024-02-02,Fellesstart,M Senior,2023,4105154,19,269.300,2069.458,3,3,0,3,1,2,121.054,93.434
68565,NM Junior/ASKO Cup Fellesstart senior og 20-22 år,2024-02-02,Fellesstart,M Senior,2023,694620,20,309.400,2044.226,5,3,1,4,2,1,135.135,102.151
68565,NM Junior/ASKO Cup Fellesstart senior og 20-22 år,2024-02-02,Fellesstart,M Senior,2023,5865444,21,310.500,2121.025,2,3,0,2,2,1,126.280,105.568
68565,NM Junior/ASKO Cup Fellesstart senior og 20-22 år,2024-02-02,Fellesstart,M Senior,2023,677695,22,347.000,2172.840,2,3,1,1,1,2,110.555,93.887
68565,NM Junior/ASKO Cup Fellesstart senior og 20-22 år,2024-02-02,Fellesstart,M Senior,2023,941163,23,360.300,2183.693,2,2,1,1,0,2,117.837,118.569
68565,NM Junior/ASKO Cup Fellesstart senior og 20-22 år,2024-02-02,Fellesstart,M Senior,2023,1362542,24,489.900,2351.787,0,3,0,0,3,0,106.663,109.293
68565,NM Junior/ASKO Cup Fellesstart senior og 20-22 år,2024-02-02,Fellesstart,M Senior,2023,2223534,25,495.100,2176.681,4,5,2,2,4,1,127.736,114.654
68565,NM Junior/ASKO Cup Fellesstart senior og 20-22 år,2024-02-02,Fellesstart,M Senior,2023,4080652,26,524.800,2341.984,2,1,1,1,0,1,135.367,122.505
68565,NM Junior/ASKO Cup Fellesstart senior og 20-22 år,2024-02-02,Fellesstart,M Senior,2023,445278,27,579.200,2351.150,1,4,1,0,2,2,132.002,120.125
68565,NM Junior/ASKO Cup Fellesstart senior og 20-22 år,2024-02-02,Fellesstart,M Senior,2023,4496387,28,592.200,2427.108,1,2,1,0,1,1,127.412,113.338
68565,NM Junior/ASKO Cup Fellesstart senior og 20-22 år,2024-02-02,Fellesstart,M Senior,2023,4190039,29,597.200,2331.994,4,3,3,1,2,1,127.753,104.191
68563,NM Junior/ASKO Cup Sprint senior og 20-22 år,2024-02-03,Sprint,M Senior,2023,674457,1,0.000,1379.274,1,1,1,1,NULL,NULL,55.325,44.212
68563,NM Junior/ASKO Cup Sprint senior og 20-22 år,2024-02-03,Sprint,M Senior,2023,679924,2,16.000,1404.905,1,0,1,0,NULL,NULL,65.413,47.842
68563,NM Junior/ASKO Cup Sprint senior og 20-22 år,2024-02-03,Sprint,M Senior,2023,409580,3,26.300,1420.665,0,1,0,1,NULL,NULL,48.210,56.533
68563,NM Junior/ASKO Cup Sprint senior og 20-22 år,2024-02-03,Sprint,M Senior,2023,415168,4,33.500,1429.153,0,1,0,1,NULL,NULL,56.276,48.937
68563,NM Junior/ASKO Cup Sprint senior og 20-22 år,2024-02-03,Sprint,M Senior,2023,674464,5,69.900,1461.190,1,0,1,0,NULL,NULL,54.648,50.993
68563,NM Junior/ASKO Cup Sprint senior og 20-22 år,2024-02-03,Sprint,M Senior,2023,4188653,6,72.700,1423.754,1,2,1,2,NULL,NULL,49.709,46.896
68563,NM Junior/ASKO Cup Sprint senior og 20-22 år,2024-02-03,Sprint,M Senior,2023,3687444,7,74.200,1371.850,3,2,3,2,NULL,NULL,60.820,47.961
68563,NM Junior/ASKO Cup Sprint senior og 20-22 år,2024-02-03,Sprint,M Senior,2023,2269734,8,79.700,1475.803,0,1,0,1,NULL,NULL,51.400,51.047
68563,NM Junior/ASKO Cup Sprint senior og 20-22 år,2024-02-03,Sprint,M Senior,2023,3033293,9,91.400,1448.212,0,2,0,2,NULL,NULL,57.929,57.457
68563,NM Junior/ASKO Cup Sprint senior og 20-22 år,2024-02-03,Sprint,M Senior,2023,1948946,10,97.900,1481.877,0,1,0,1,NULL,NULL,59.742,53.083
68563,NM Junior/ASKO Cup Sprint senior og 20-22 år,2024-02-03,Sprint,M Senior,2023,356854,11,123.200,1470.203,1,2,1,2,NULL,NULL,50.113,49.237
68563,NM Junior/ASKO Cup Sprint senior og 20-22 år,2024-02-03,Sprint,M Senior,2023,4473183,12,130.300,1549.160,0,0,0,0,NULL,NULL,54.336,45.402
68563,NM Junior/ASKO Cup Sprint senior og 20-22 år,2024-02-03,Sprint,M Senior,2023,694620,13,152.400,1444.227,2,1,2,1,NULL,NULL,86.057,66.649
68563,NM Junior/ASKO Cup Sprint senior og 20-22 år,2024-02-03,Sprint,M Senior,2023,3750283,14,173.400,1470.402,3,1,3,1,NULL,NULL,67.968,53.617
68563,NM Junior/ASKO Cup Sprint senior og 20-22 år,2024-02-03,Sprint,M Senior,2023,4105154,15,178.500,1468.267,2,2,2,2,NULL,NULL,66.301,58.917
68563,NM Junior/ASKO Cup Sprint senior og 20-22 år,2024-02-03,Sprint,M Senior,2023,426677,16,187.100,1484.741,0,4,0,4,NULL,NULL,61.082,57.829
68563,NM Junior/ASKO Cup Sprint senior og 20-22 år,2024-02-03,Sprint,M Senior,2023,2223534,17,219.400,1553.544,0,2,0,2,NULL,NULL,70.851,58.604
68563,NM Junior/ASKO Cup Sprint senior og 20-22 år,2024-02-03,Sprint,M Senior,2023,3829293,18,226.700,1546.572,2,1,2,1,NULL,NULL,54.680,63.671
68563,NM Junior/ASKO Cup Sprint senior og 20-22 år,2024-02-03,Sprint,M Senior,2023,5865444,19,229.100,1536.651,1,2,1,2,NULL,NULL,71.117,56.612
68563,NM Junior/ASKO Cup Sprint senior og 20-22 år,2024-02-03,Sprint,M Senior,2023,634400,20,248.900,1529.774,3,1,3,1,NULL,NULL,70.242,62.154
68563,NM Junior/ASKO Cup Sprint senior og 20-22 år,2024-02-03,Sprint,M Senior,2023,941163,21,249.900,1534.689,1,2,1,2,NULL,NULL,70.272,80.579
68563,NM Junior/ASKO Cup Sprint senior og 20-22 år,2024-02-03,Sprint,M Senior,2023,431544,22,304.200,1598.640,0,4,0,4,NULL,NULL,51.482,59.054
68563,NM Junior/ASKO Cup Sprint senior og 20-22 år,2024-02-03,Sprint,M Senior,2023,4190039,23,357.000,1629.610,2,2,2,2,NULL,NULL,71.085,60.218
68563,NM Junior/ASKO Cup Sprint senior og 20-22 år,2024-02-03,Sprint,M Senior,2023,4080652,24,369.000,1641.558,1,2,1,2,NULL,NULL,70.964,76.582
68563,NM Junior/ASKO Cup Sprint senior og 20-22 år,2024-02-03,Sprint,M Senior,2023,1362542,25,394.100,1687.421,0,3,0,3,NULL,NULL,57.668,69.675
68563,NM Junior/ASKO Cup Sprint senior og 20-22 år,2024-02-03,Sprint,M Senior,2023,4496387,26,394.300,1769.963,0,0,0,0,NULL,NULL,72.619,69.218
68563,NM Junior/ASKO Cup Sprint senior og 20-22 år,2024-02-03,Sprint,M Senior,2023,445278,27,410.900,1663.361,1,3,1,3,NULL,NULL,83.698,66.316
68563,NM Junior/ASKO Cup Sprint senior og 20-22 år,2024-02-03,Sprint,M Senior,2023,4155552,28,492.600,1722.767,3,2,3,2,NULL,NULL,65.489,68.202
69380,IBU Regionalt Event/ASKO Cup Fossum Kort Normal,2024-02-24,Normal,M Senior,2023,415168,1,0.000,2002.635,0,0,0,0,0,0,106.863,100.179
69380,IBU Regionalt Event/ASKO Cup Fossum Kort Normal,2024-02-24,Normal,M Senior,2023,1948946,2,114.400,2063.821,1,0,1,0,0,0,164.393,89.522
69380,IBU Regionalt Event/ASKO Cup Fossum Kort Normal,2024-02-24,Normal,M Senior,2023,426677,3,141.300,2007.018,2,1,1,1,1,0,196.066,144.063
69380,IBU Regionalt Event/ASKO Cup Fossum Kort Normal,2024-02-24,Normal,M Senior,2023,2269734,4,150.200,2041.181,0,2,0,1,0,1,130.003,187.622
69380,IBU Regionalt Event/ASKO Cup Fossum Kort Normal,2024-02-24,Normal,M Senior,2023,4188653,5,153.700,2033.353,1,2,1,2,0,0,148.882,177.762
69380,IBU Regionalt Event/ASKO Cup Fossum Kort Normal,2024-02-24,Normal,M Senior,2023,674464,6,172.100,2075.378,2,0,2,0,0,0,199.072,100.820
69380,IBU Regionalt Event/ASKO Cup Fossum Kort Normal,2024-02-24,Normal,M Senior,2023,431544,7,174.200,2104.647,1,1,0,1,1,0,141.815,134.946
69380,IBU Regionalt Event/ASKO Cup Fossum Kort Normal,2024-02-24,Normal,M Senior,2023,356854,8,196.500,2033.544,2,2,1,1,1,1,183.322,184.696
69380,IBU Regionalt Event/ASKO Cup Fossum Kort Normal,2024-02-24,Normal,M Senior,2023,4473183,9,201.600,2154.515,1,0,0,0,1,0,155.941,92.510
69380,IBU Regionalt Event/ASKO Cup Fossum Kort Normal,2024-02-24,Normal,M Senior,2023,694606,10,202.900,2207.859,0,0,0,0,0,0,101.005,95.564
69380,IBU Regionalt Event/ASKO Cup Fossum Kort Normal,2024-02-24,Normal,M Senior,2023,3687444,11,225.000,2018.547,0,4,0,1,0,3,117.007,294.257
69380,IBU Regionalt Event/ASKO Cup Fossum Kort Normal,2024-02-24,Normal,M Senior,2023,1778366,12,235.800,2033.776,1,3,0,1,1,2,167.194,241.571
69380,IBU Regionalt Event/ASKO Cup Fossum Kort Normal,2024-02-24,Normal,M Senior,2023,1562650,13,252.800,2229.514,0,0,0,0,0,0,114.821,108.316
69380,IBU Regionalt Event/ASKO Cup Fossum Kort Normal,2024-02-24,Normal,M Senior,2023,4105154,14,293.600,2061.458,3,2,1,2,2,0,249.459,185.936
69380,IBU Regionalt Event/ASKO Cup Fossum Kort Normal,2024-02-24,Normal,M Senior,2023,677695,15,300.300,2159.464,1,2,1,0,0,2,142.853,198.252
69380,IBU Regionalt Event/ASKO Cup Fossum Kort Normal,2024-02-24,Normal,M Senior,2023,674472,16,306.300,2026.596,3,3,0,1,3,2,249.820,233.767
69380,IBU Regionalt Event/ASKO Cup Fossum Kort Normal,2024-02-24,Normal,M Senior,2023,3750283,17,314.800,2082.642,2,3,0,2,2,1,204.383,234.888
69380,IBU Regionalt Event/ASKO Cup Fossum Kort Normal,2024-02-24,Normal,M Senior,2023,5865444,18,320.100,2235.079,0,1,0,1,0,0,131.757,154.789
69380,IBU Regionalt Event/ASKO Cup Fossum Kort Normal,2024-02-24,Normal,M Senior,2023,3033293,19,325.800,2087.338,2,3,1,1,1,2,205.065,236.910
69380,IBU Regionalt Event/ASKO Cup Fossum Kort Normal,2024-02-24,Normal,M Senior,2023,409580,20,326.000,2009.032,3,4,1,1,2,3,238.879,280.755
69380,IBU Regionalt Event/ASKO Cup Fossum Kort Normal,2024-02-24,Normal,M Senior,2023,1362542,21,338.300,2238.211,1,1,1,1,0,0,153.203,149.003
69380,IBU Regionalt Event/ASKO Cup Fossum Kort Normal,2024-02-24,Normal,M Senior,2023,3338093,22,367.400,2104.734,0,5,0,1,0,4,131.499,336.200
69380,IBU Regionalt Event/ASKO Cup Fossum Kort Normal,2024-02-24,Normal,M Senior,2023,1428544,23,397.700,2119.308,4,2,3,1,1,1,295.685,186.876
69380,IBU Regionalt Event/ASKO Cup Fossum Kort Normal,2024-02-24,Normal,M Senior,2023,3829293,24,420.700,2159.968,3,3,0,2,3,1,234.703,229.335
69380,IBU Regionalt Event/ASKO Cup Fossum Kort Normal,2024-02-24,Normal,M Senior,2023,4319626,25,448.400,2264.248,1,3,0,1,1,2,151.504,228.440
69380,IBU Regionalt Event/ASKO Cup Fossum Kort Normal,2024-02-24,Normal,M Senior,2023,694620,26,483.800,2088.712,6,2,3,1,3,1,395.905,200.163
69380,IBU Regionalt Event/ASKO Cup Fossum Kort Normal,2024-02-24,Normal,M Senior,2023,431387,27,484.100,2208.771,1,5,0,3,1,2,148.071,323.633
69380,IBU Regionalt Event/ASKO Cup Fossum Kort Normal,2024-02-24,Normal,M Senior,2023,364743,28,501.100,2243.220,2,2,2,0,0,2,246.099,212.590
69380,IBU Regionalt Event/ASKO Cup Fossum Kort Normal,2024-02-24,Normal,M Senior,2023,2223534,29,510.100,2124.098,4,4,1,2,3,2,303.438,283.817
69380,IBU Regionalt Event/ASKO Cup Fossum Kort Normal,2024-02-24,Normal,M Senior,2023,941163,30,537.600,2137.716,3,5,2,2,1,3,257.921,340.008
69380,IBU Regionalt Event/ASKO Cup Fossum Kort Normal,2024-02-24,Normal,M Senior,2023,4080652,31,603.100,2364.704,2,2,1,2,1,0,219.415,212.963
69380,IBU Regionalt Event/ASKO Cup Fossum Kort Normal,2024-02-24,Normal,M Senior,2023,445278,32,622.000,2351.915,3,2,1,1,2,1,264.956,203.552
69380,IBU Regionalt Event/ASKO Cup Fossum Kort Normal,2024-02-24,Normal,M Senior,2023,4496387,33,679.500,2500.827,0,3,0,2,0,1,128.213,249.618
69380,IBU Regionalt Event/ASKO Cup Fossum Kort Normal,2024-02-24,Normal,M Senior,2023,4190039,34,690.100,2284.445,2,6,2,2,0,4,215.007,385.634
69380,IBU Regionalt Event/ASKO Cup Fossum Kort Normal,2024-02-24,Normal,M Senior,2023,697601,35,1303.700,2736.116,3,6,2,3,1,3,325.070,431.427
69381,IBU Regionalt Event/ASKO Cup Fossum sprint,2024-02-25,Sprint,M Senior,2023,415168,1,0.000,1300.491,0,0,0,0,NULL,NULL,53.050,49.084
69381,IBU Regionalt Event/ASKO Cup Fossum sprint,2024-02-25,Sprint,M Senior,2023,356854,2,7.800,1297.057,0,1,0,1,NULL,NULL,45.677,44.375
69381,IBU Regionalt Event/ASKO Cup Fossum sprint,2024-02-25,Sprint,M Senior,2023,674472,3,12.500,1288.727,1,0,1,0,NULL,NULL,53.830,47.862
69381,IBU Regionalt Event/ASKO Cup Fossum sprint,2024-02-25,Sprint,M Senior,2023,3033293,4,22.600,1318.866,0,0,0,0,NULL,NULL,53.249,51.127
69381,IBU Regionalt Event/ASKO Cup Fossum sprint,2024-02-25,Sprint,M Senior,2023,426677,5,32.000,1307.616,0,1,0,1,NULL,NULL,54.055,49.633
69381,IBU Regionalt Event/ASKO Cup Fossum sprint,2024-02-25,Sprint,M Senior,2023,3750283,6,33.500,1314.306,1,0,1,0,NULL,NULL,53.925,46.385
69381,IBU Regionalt Event/ASKO Cup Fossum sprint,2024-02-25,Sprint,M Senior,2023,2269734,7,39.300,1319.529,1,0,1,0,NULL,NULL,51.366,47.988
69381,IBU Regionalt Event/ASKO Cup Fossum sprint,2024-02-25,Sprint,M Senior,2023,1948946,8,41.900,1322.254,1,0,1,0,NULL,NULL,55.708,42.082
69381,IBU Regionalt Event/ASKO Cup Fossum sprint,2024-02-25,Sprint,M Senior,2023,674464,9,51.600,1329.169,0,1,0,1,NULL,NULL,50.270,49.618
69381,IBU Regionalt Event/ASKO Cup Fossum sprint,2024-02-25,Sprint,M Senior,2023,3687444,10,58.100,1293.851,3,0,3,0,NULL,NULL,56.424,43.457
69381,IBU Regionalt Event/ASKO Cup Fossum sprint,2024-02-25,Sprint,M Senior,2023,4188653,11,64.300,1305.495,0,3,0,3,NULL,NULL,46.361,43.174
69381,IBU Regionalt Event/ASKO Cup Fossum sprint,2024-02-25,Sprint,M Senior,2023,1778366,12,78.700,1305.301,1,2,1,2,NULL,NULL,55.235,48.894
69381,IBU Regionalt Event/ASKO Cup Fossum sprint,2024-02-25,Sprint,M Senior,2023,3829293,13,85.100,1367.986,0,1,0,1,NULL,NULL,47.423,46.801
69381,IBU Regionalt Event/ASKO Cup Fossum sprint,2024-02-25,Sprint,M Senior,2023,1562650,14,86.600,1378.398,0,0,0,0,NULL,NULL,53.263,54.515
69381,IBU Regionalt Event/ASKO Cup Fossum sprint,2024-02-25,Sprint,M Senior,2023,1428544,15,91.000,1342.631,1,1,1,1,NULL,NULL,55.453,48.926
69381,IBU Regionalt Event/ASKO Cup Fossum sprint,2024-02-25,Sprint,M Senior,2023,2223534,16,91.700,1366.185,1,0,1,0,NULL,NULL,56.930,44.684
69381,IBU Regionalt Event/ASKO Cup Fossum sprint,2024-02-25,Sprint,M Senior,2023,431544,17,100.800,1361.224,1,1,1,1,NULL,NULL,47.268,46.144
69381,IBU Regionalt Event/ASKO Cup Fossum sprint,2024-02-25,Sprint,M Senior,2023,5865444,18,106.400,1394.854,0,0,0,0,NULL,NULL,60.299,51.857
69381,IBU Regionalt Event/ASKO Cup Fossum sprint,2024-02-25,Sprint,M Senior,2023,677695,19,121.900,1380.186,1,1,1,1,NULL,NULL,49.806,42.113
69381,IBU Regionalt Event/ASKO Cup Fossum sprint,2024-02-25,Sprint,M Senior,2023,1362542,20,123.300,1397.890,0,1,0,1,NULL,NULL,50.537,52.418
69381,IBU Regionalt Event/ASKO Cup Fossum sprint,2024-02-25,Sprint,M Senior,2023,694606,21,132.700,1412.041,0,1,0,1,NULL,NULL,48.232,46.015
69381,IBU Regionalt Event/ASKO Cup Fossum sprint,2024-02-25,Sprint,M Senior,2023,4473183,22,133.900,1406.600,1,0,1,0,NULL,NULL,54.137,46.519
69381,IBU Regionalt Event/ASKO Cup Fossum sprint,2024-02-25,Sprint,M Senior,2023,941163,23,141.400,1369.362,1,1,1,1,NULL,NULL,61.565,61.799
69381,IBU Regionalt Event/ASKO Cup Fossum sprint,2024-02-25,Sprint,M Senior,2023,694620,24,147.600,1338.859,1,3,1,3,NULL,NULL,60.498,52.460
69381,IBU Regionalt Event/ASKO Cup Fossum sprint,2024-02-25,Sprint,M Senior,2023,431387,25,153.500,1433.037,0,1,0,1,NULL,NULL,43.020,50.583
69381,IBU Regionalt Event/ASKO Cup Fossum sprint,2024-02-25,Sprint,M Senior,2023,4105154,26,196.300,1334.339,2,4,2,4,NULL,NULL,57.035,54.395
69381,IBU Regionalt Event/ASKO Cup Fossum sprint,2024-02-25,Sprint,M Senior,2023,674463,27,246.100,1532.220,0,0,0,0,NULL,NULL,59.787,51.862
69381,IBU Regionalt Event/ASKO Cup Fossum sprint,2024-02-25,Sprint,M Senior,2023,4190039,28,266.000,1444.982,2,2,2,2,NULL,NULL,63.894,55.175
69381,IBU Regionalt Event/ASKO Cup Fossum sprint,2024-02-25,Sprint,M Senior,2023,445278,29,267.800,1468.396,1,2,1,2,NULL,NULL,61.429,58.934
69381,IBU Regionalt Event/ASKO Cup Fossum sprint,2024-02-25,Sprint,M Senior,2023,4080652,30,276.300,1441.905,1,3,1,3,NULL,NULL,62.856,60.427
69381,IBU Regionalt Event/ASKO Cup Fossum sprint,2024-02-25,Sprint,M Senior,2023,4496387,31,305.700,1530.646,1,1,1,1,NULL,NULL,60.232,60.120
69381,IBU Regionalt Event/ASKO Cup Fossum sprint,2024-02-25,Sprint,M Senior,2023,4319626,32,340.900,1467.871,4,2,4,2,NULL,NULL,59.898,44.774
68663,NM Junior/Ungdom Normal ASKO Cup 6 Senior,2024-03-15,Normal,M Senior,2023,1562650,1,0.000,2653.934,0,0,0,0,0,0,121.824,115.069
68663,NM Junior/Ungdom Normal ASKO Cup 6 Senior,2024-03-15,Normal,M Senior,2023,3750283,2,13.500,2559.991,0,2,0,1,0,1,120.648,238.596
68663,NM Junior/Ungdom Normal ASKO Cup 6 Senior,2024-03-15,Normal,M Senior,2023,3687444,3,14.200,2457.551,1,3,1,2,0,1,180.275,283.170
68663,NM Junior/Ungdom Normal ASKO Cup 6 Senior,2024-03-15,Normal,M Senior,2023,674464,4,46.800,2619.802,1,1,0,0,1,1,165.493,155.458
68663,NM Junior/Ungdom Normal ASKO Cup 6 Senior,2024-03-15,Normal,M Senior,2023,694620,5,75.700,2526.945,1,2,1,1,0,1,207.972,245.992
68663,NM Junior/Ungdom Normal ASKO Cup 6 Senior,2024-03-15,Normal,M Senior,2023,679924,6,91.800,2478.043,2,3,1,0,1,3,240.428,283.448
68663,NM Junior/Ungdom Normal ASKO Cup 6 Senior,2024-03-15,Normal,M Senior,2023,356854,7,136.000,2539.732,2,3,1,2,1,1,218.757,279.715
68663,NM Junior/Ungdom Normal ASKO Cup 6 Senior,2024-03-15,Normal,M Senior,2023,634400,8,143.500,2634.683,2,1,0,1,2,0,236.079,166.898
68663,NM Junior/Ungdom Normal ASKO Cup 6 Senior,2024-03-15,Normal,M Senior,2023,1948946,9,161.300,2561.245,1,4,1,2,0,2,168.156,330.865
68663,NM Junior/Ungdom Normal ASKO Cup 6 Senior,2024-03-15,Normal,M Senior,2023,5865444,10,199.600,2824.102,0,0,0,0,0,0,148.203,122.260
68663,NM Junior/Ungdom Normal ASKO Cup 6 Senior,2024-03-15,Normal,M Senior,2023,426677,11,210.000,2587.293,2,3,2,2,0,1,241.796,286.485
68663,NM Junior/Ungdom Normal ASKO Cup 6 Senior,2024-03-15,Normal,M Senior,2023,3033293,12,211.200,2579.434,0,5,0,3,0,2,119.859,410.709
68663,NM Junior/Ungdom Normal ASKO Cup 6 Senior,2024-03-15,Normal,M Senior,2023,677695,13,241.700,2678.442,2,2,1,2,1,0,228.682,227.645
68663,NM Junior/Ungdom Normal ASKO Cup 6 Senior,2024-03-15,Normal,M Senior,2023,408700,14,259.500,2577.507,1,5,0,2,1,3,173.526,408.230
68663,NM Junior/Ungdom Normal ASKO Cup 6 Senior,2024-03-15,Normal,M Senior,2023,694606,15,259.800,2752.026,1,2,1,2,0,0,176.272,224.337
68663,NM Junior/Ungdom Normal ASKO Cup 6 Senior,2024-03-15,Normal,M Senior,2023,4473183,16,296.500,2889.468,0,1,0,1,0,0,119.581,160.302
68663,NM Junior/Ungdom Normal ASKO Cup 6 Senior,2024-03-15,Normal,M Senior,2023,2223534,17,297.600,2714.919,2,2,0,1,2,1,250.917,224.117
68663,NM Junior/Ungdom Normal ASKO Cup 6 Senior,2024-03-15,Normal,M Senior,2023,4105154,18,383.600,2636.429,4,3,3,2,1,1,361.508,280.837
68663,NM Junior/Ungdom Normal ASKO Cup 6 Senior,2024-03-15,Normal,M Senior,2023,4080652,19,467.300,2918.392,1,2,1,1,0,1,196.405,244.826
68663,NM Junior/Ungdom Normal ASKO Cup 6 Senior,2024-03-15,Normal,M Senior,2023,4190039,20,551.400,2873.322,4,1,2,0,2,1,386.393,175.775
68663,NM Junior/Ungdom Normal ASKO Cup 6 Senior,2024-03-15,Normal,M Senior,2023,445278,21,602.100,2923.407,0,5,0,2,0,3,143.361,426.579
68663,NM Junior/Ungdom Normal ASKO Cup 6 Senior,2024-03-15,Normal,M Senior,2023,4319626,22,641.500,2936.452,4,2,1,2,3,0,361.320,219.023
68663,NM Junior/Ungdom Normal ASKO Cup 6 Senior,2024-03-15,Normal,M Senior,2023,1362542,23,706.800,2813.808,4,5,1,3,3,2,363.749,412.456
68696,ASKO Cup Tromsø Sprint,2024-03-16,Sprint,M Senior,2023,3687444,1,0.000,1566.662,1,1,1,1,NULL,NULL,67.974,57.816
68696,ASKO Cup Tromsø Sprint,2024-03-16,Sprint,M Senior,2023,679924,2,47.500,1567.273,2,2,2,2,NULL,NULL,70.191,53.773
68696,ASKO Cup Tromsø Sprint,2024-03-16,Sprint,M Senior,2023,426677,3,116.600,1624.745,0,2,0,2,NULL,NULL,82.476,91.067
68696,ASKO Cup Tromsø Sprint,2024-03-16,Sprint,M Senior,2023,634400,4,122.900,1656.888,0,1,0,1,NULL,NULL,74.787,95.446
68696,ASKO Cup Tromsø Sprint,2024-03-16,Sprint,M Senior,2023,3750283,5,144.500,1646.918,1,3,1,3,NULL,NULL,63.820,62.286
68696,ASKO Cup Tromsø Sprint,2024-03-16,Sprint,M Senior,2023,356854,6,145.100,1643.451,1,3,1,3,NULL,NULL,59.321,71.479
68696,ASKO Cup Tromsø Sprint,2024-03-16,Sprint,M Senior,2023,408700,7,158.400,1660.479,0,4,0,4,NULL,NULL,60.936,64.824
68696,ASKO Cup Tromsø Sprint,2024-03-16,Sprint,M Senior,2023,3033293,8,188.800,1652.741,3,1,3,1,NULL,NULL,76.756,60.251
68696,ASKO Cup Tromsø Sprint,2024-03-16,Sprint,M Senior,2023,674464,9,202.200,1688.972,1,3,1,3,NULL,NULL,65.130,73.629
68696,ASKO Cup Tromsø Sprint,2024-03-16,Sprint,M Senior,2023,1948946,10,204.500,1676.739,1,4,1,4,NULL,NULL,65.548,62.335
68696,ASKO Cup Tromsø Sprint,2024-03-16,Sprint,M Senior,2023,694620,11,212.900,1640.089,1,3,1,3,NULL,NULL,119.235,78.834
68696,ASKO Cup Tromsø Sprint,2024-03-16,Sprint,M Senior,2023,694606,12,229.500,1743.049,1,2,1,2,NULL,NULL,65.227,56.100
68696,ASKO Cup Tromsø Sprint,2024-03-16,Sprint,M Senior,2023,4105154,13,240.000,1674.559,1,4,1,4,NULL,NULL,76.439,83.489
68696,ASKO Cup Tromsø Sprint,2024-03-16,Sprint,M Senior,2023,445278,14,250.900,1844.801,0,0,0,0,NULL,NULL,75.155,65.760
68696,ASKO Cup Tromsø Sprint,2024-03-16,Sprint,M Senior,2023,4080652,15,287.200,1807.882,1,1,1,1,NULL,NULL,81.880,68.443
68696,ASKO Cup Tromsø Sprint,2024-03-16,Sprint,M Senior,2023,1562650,16,293.800,1729.292,2,3,2,3,NULL,NULL,80.971,73.192
68696,ASKO Cup Tromsø Sprint,2024-03-16,Sprint,M Senior,2023,5865444,17,305.500,1740.550,2,2,2,2,NULL,NULL,78.172,93.498
68696,ASKO Cup Tromsø Sprint,2024-03-16,Sprint,M Senior,2023,2223534,18,331.200,1775.440,2,3,2,3,NULL,NULL,66.718,69.207
68696,ASKO Cup Tromsø Sprint,2024-03-16,Sprint,M Senior,2023,4319626,19,358.400,1806.440,2,3,2,3,NULL,NULL,64.442,65.052
68696,ASKO Cup Tromsø Sprint,2024-03-16,Sprint,M Senior,2023,677695,20,365.100,1730.040,4,2,4,2,NULL,NULL,116.697,63.008
68696,ASKO Cup Tromsø Sprint,2024-03-16,Sprint,M Senior,2023,4190039,21,376.300,1840.648,2,1,2,1,NULL,NULL,112.849,66.850
68696,ASKO Cup Tromsø Sprint,2024-03-16,Sprint,M Senior,2023,1362542,22,377.900,1807.030,0,4,0,4,NULL,NULL,75.455,94.131
68696,ASKO Cup Tromsø Sprint,2024-03-16,Sprint,M Senior,2023,4473183,23,398.900,1819.616,1,3,1,3,NULL,NULL,65.471,109.718
72349,NM Skiskyting sprint 2024 Herrer,2024-04-05,Sprint,M Senior,2023,679924,1,0.000,1420.637,1,1,1,1,NULL,NULL,54.435,42.595
72349,NM Skiskyting sprint 2024 Herrer,2024-04-05,Sprint,M Senior,2023,674453,2,6.900,1444.940,0,1,0,1,NULL,NULL,52.804,47.279
72349,NM Skiskyting sprint 2024 Herrer,2024-04-05,Sprint,M Senior,2023,674457,3,13.300,1444.146,1,1,1,1,NULL,NULL,48.740,39.493
72349,NM Skiskyting sprint 2024 Herrer,2024-04-05,Sprint,M Senior,2023,415168,4,22.800,1487.670,0,0,0,0,NULL,NULL,49.602,48.401
72349,NM Skiskyting sprint 2024 Herrer,2024-04-05,Sprint,M Senior,2023,2120302,5,30.500,1475.700,1,0,1,0,NULL,NULL,51.429,41.497
72349,NM Skiskyting sprint 2024 Herrer,2024-04-05,Sprint,M Senior,2023,1948946,6,36.900,1479.393,0,1,0,1,NULL,NULL,52.758,42.713
72349,NM Skiskyting sprint 2024 Herrer,2024-04-05,Sprint,M Senior,2023,2118153,7,43.100,1490.033,0,1,0,1,NULL,NULL,48.430,43.681
72349,NM Skiskyting sprint 2024 Herrer,2024-04-05,Sprint,M Senior,2023,2269734,8,46.700,1469.743,1,1,1,1,NULL,NULL,47.683,46.434
72349,NM Skiskyting sprint 2024 Herrer,2024-04-05,Sprint,M Senior,2023,826757,9,53.500,1517.012,0,0,0,0,NULL,NULL,52.182,45.830
72349,NM Skiskyting sprint 2024 Herrer,2024-04-05,Sprint,M Senior,2023,674458,10,61.600,1526.678,0,0,0,0,NULL,NULL,53.024,43.217
72349,NM Skiskyting sprint 2024 Herrer,2024-04-05,Sprint,M Senior,2023,4188653,11,68.400,1514.352,0,1,0,1,NULL,NULL,46.655,44.714
72349,NM Skiskyting sprint 2024 Herrer,2024-04-05,Sprint,M Senior,2023,3849463,12,70.600,1494.776,1,1,1,1,NULL,NULL,49.250,40.974
72349,NM Skiskyting sprint 2024 Herrer,2024-04-05,Sprint,M Senior,2023,409580,13,79.900,1476.969,2,1,2,1,NULL,NULL,46.245,46.395
72349,NM Skiskyting sprint 2024 Herrer,2024-04-05,Sprint,M Senior,2023,1778366,14,83.300,1469.937,1,2,1,2,NULL,NULL,55.875,46.827
72349,NM Skiskyting sprint 2024 Herrer,2024-04-05,Sprint,M Senior,2023,694490,15,86.000,1496.918,2,1,2,1,NULL,NULL,44.999,37.675
72349,NM Skiskyting sprint 2024 Herrer,2024-04-05,Sprint,M Senior,2023,694606,16,88.100,1545.857,0,0,0,0,NULL,NULL,52.992,49.556
72349,NM Skiskyting sprint 2024 Herrer,2024-04-05,Sprint,M Senior,2023,674472,17,89.500,1545.468,0,0,0,0,NULL,NULL,55.440,49.006
72349,NM Skiskyting sprint 2024 Herrer,2024-04-05,Sprint,M Senior,2023,5964523,18,91.700,1491.090,1,1,1,1,NULL,NULL,67.119,48.089
72349,NM Skiskyting sprint 2024 Herrer,2024-04-05,Sprint,M Senior,2023,3687444,19,98.500,1464.396,2,2,2,2,NULL,NULL,52.493,53.483
72349,NM Skiskyting sprint 2024 Herrer,2024-04-05,Sprint,M Senior,2023,3750283,20,99.100,1460.496,1,3,1,3,NULL,NULL,56.057,51.774
72349,NM Skiskyting sprint 2024 Herrer,2024-04-05,Sprint,M Senior,2023,691896,21,102.500,1572.931,0,0,0,0,NULL,NULL,46.464,44.297
72349,NM Skiskyting sprint 2024 Herrer,2024-04-05,Sprint,M Senior,2023,3624692,22,103.000,1547.110,1,0,1,0,NULL,NULL,49.667,44.835
72349,NM Skiskyting sprint 2024 Herrer,2024-04-05,Sprint,M Senior,2023,691644,23,103.100,1493.610,1,1,1,1,NULL,NULL,69.943,52.589
72349,NM Skiskyting sprint 2024 Herrer,2024-04-05,Sprint,M Senior,2023,408700,24,103.400,1518.252,1,1,1,1,NULL,NULL,54.972,45.628
72349,NM Skiskyting sprint 2024 Herrer,2024-04-05,Sprint,M Senior,2023,6027068,25,107.700,1535.053,0,1,0,1,NULL,NULL,57.275,52.129
72349,NM Skiskyting sprint 2024 Herrer,2024-04-05,Sprint,M Senior,2023,2223534,26,109.000,1531.514,1,0,1,0,NULL,NULL,60.584,52.835
72349,NM Skiskyting sprint 2024 Herrer,2024-04-05,Sprint,M Senior,2023,6565741,27,112.500,1489.610,0,3,0,3,NULL,NULL,60.185,50.516
72349,NM Skiskyting sprint 2024 Herrer,2024-04-05,Sprint,M Senior,2023,1562650,28,112.700,1541.873,1,0,1,0,NULL,NULL,55.499,51.247
72349,NM Skiskyting sprint 2024 Herrer,2024-04-05,Sprint,M Senior,2023,4076121,29,113.000,1524.222,0,2,0,2,NULL,NULL,53.558,45.993
72349,NM Skiskyting sprint 2024 Herrer,2024-04-05,Sprint,M Senior,2023,1625378,30,113.100,1582.270,0,0,0,0,NULL,NULL,48.179,44.524
72349,NM Skiskyting sprint 2024 Herrer,2024-04-05,Sprint,M Senior,2023,2121418,31,115.400,1534.561,0,1,0,1,NULL,NULL,63.056,55.062
72349,NM Skiskyting sprint 2024 Herrer,2024-04-05,Sprint,M Senior,2023,4440734,32,119.800,1509.896,2,1,2,1,NULL,NULL,55.329,47.118
72349,NM Skiskyting sprint 2024 Herrer,2024-04-05,Sprint,M Senior,2023,702084,33,122.300,1540.258,1,1,1,1,NULL,NULL,51.396,46.457
72349,NM Skiskyting sprint 2024 Herrer,2024-04-05,Sprint,M Senior,2023,356854,34,125.600,1514.165,1,2,1,2,NULL,NULL,49.463,47.612
72349,NM Skiskyting sprint 2024 Herrer,2024-04-05,Sprint,M Senior,2023,435210,35,125.700,1590.426,0,0,0,0,NULL,NULL,52.285,45.438
72349,NM Skiskyting sprint 2024 Herrer,2024-04-05,Sprint,M Senior,2023,677695,36,129.200,1515.031,1,2,1,2,NULL,NULL,49.502,51.056
72349,NM Skiskyting sprint 2024 Herrer,2024-04-05,Sprint,M Senior,2023,1472061,37,129.400,1579.026,0,0,0,0,NULL,NULL,57.483,53.657
72349,NM Skiskyting sprint 2024 Herrer,2024-04-05,Sprint,M Senior,2023,5582240,38,129.700,1545.436,1,1,1,1,NULL,NULL,53.718,44.992
72349,NM Skiskyting sprint 2024 Herrer,2024-04-05,Sprint,M Senior,2023,674464,39,130.000,1498.888,1,3,1,3,NULL,NULL,48.770,46.058
72349,NM Skiskyting sprint 2024 Herrer,2024-04-05,Sprint,M Senior,2023,3495352,40,130.600,1501.086,1,2,1,2,NULL,NULL,62.431,55.179
72349,NM Skiskyting sprint 2024 Herrer,2024-04-05,Sprint,M Senior,2023,528984,41,131.000,1560.610,0,1,0,1,NULL,NULL,57.807,51.462
72349,NM Skiskyting sprint 2024 Herrer,2024-04-05,Sprint,M Senior,2023,2124165,42,153.100,1573.042,0,1,0,1,NULL,NULL,62.871,54.686
72349,NM Skiskyting sprint 2024 Herrer,2024-04-05,Sprint,M Senior,2023,1428544,43,153.700,1537.785,1,2,1,2,NULL,NULL,56.116,49.862
72349,NM Skiskyting sprint 2024 Herrer,2024-04-05,Sprint,M Senior,2023,4706502,44,154.500,1491.564,2,3,2,3,NULL,NULL,54.120,49.753
72349,NM Skiskyting sprint 2024 Herrer,2024-04-05,Sprint,M Senior,2023,4085441,45,156.800,1592.760,1,0,1,0,NULL,NULL,52.555,45.833
72349,NM Skiskyting sprint 2024 Herrer,2024-04-05,Sprint,M Senior,2023,670361,46,157.000,1621.292,0,0,0,0,NULL,NULL,52.364,45.474
72349,NM Skiskyting sprint 2024 Herrer,2024-04-05,Sprint,M Senior,2023,3033293,47,158.200,1541.366,3,0,3,0,NULL,NULL,56.772,49.781
72349,NM Skiskyting sprint 2024 Herrer,2024-04-05,Sprint,M Senior,2023,6565763,48,162.500,1585.550,1,1,1,1,NULL,NULL,47.272,44.496
72349,NM Skiskyting sprint 2024 Herrer,2024-04-05,Sprint,M Senior,2023,5553098,49,163.300,1544.955,0,3,0,3,NULL,NULL,53.919,50.150
72349,NM Skiskyting sprint 2024 Herrer,2024-04-05,Sprint,M Senior,2023,2118762,50,164.600,1619.965,0,0,0,0,NULL,NULL,53.553,53.378
72349,NM Skiskyting sprint 2024 Herrer,2024-04-05,Sprint,M Senior,2023,2224890,51,166.300,1538.695,1,2,1,2,NULL,NULL,60.710,53.010
72349,NM Skiskyting sprint 2024 Herrer,2024-04-05,Sprint,M Senior,2023,6197031,52,171.800,1581.127,0,2,0,2,NULL,NULL,49.930,46.868
72349,NM Skiskyting sprint 2024 Herrer,2024-04-05,Sprint,M Senior,2023,6239573,53,172.300,1547.212,1,2,1,2,NULL,NULL,57.341,51.935
72349,NM Skiskyting sprint 2024 Herrer,2024-04-05,Sprint,M Senior,2023,2829078,54,172.900,1491.931,3,2,3,2,NULL,NULL,68.746,48.653
72349,NM Skiskyting sprint 2024 Herrer,2024-04-05,Sprint,M Senior,2023,4733156,55,173.900,1562.523,1,2,1,2,NULL,NULL,52.306,46.037
72349,NM Skiskyting sprint 2024 Herrer,2024-04-05,Sprint,M Senior,2023,882172,56,174.600,1529.067,3,1,3,1,NULL,NULL,60.620,49.107
72349,NM Skiskyting sprint 2024 Herrer,2024-04-05,Sprint,M Senior,2023,5811963,57,178.200,1609.546,0,1,0,1,NULL,NULL,54.030,50.500
72349,NM Skiskyting sprint 2024 Herrer,2024-04-05,Sprint,M Senior,2023,933263,58,178.800,1583.663,0,2,0,2,NULL,NULL,54.801,48.052
72349,NM Skiskyting sprint 2024 Herrer,2024-04-05,Sprint,M Senior,2023,4105154,59,182.800,1536.010,3,1,3,1,NULL,NULL,52.557,56.968
72349,NM Skiskyting sprint 2024 Herrer,2024-04-05,Sprint,M Senior,2023,3737290,60,186.700,1600.608,1,0,1,0,NULL,NULL,69.134,54.474
72349,NM Skiskyting sprint 2024 Herrer,2024-04-05,Sprint,M Senior,2023,618149,61,193.000,1540.544,1,3,1,3,NULL,NULL,55.151,59.119
72349,NM Skiskyting sprint 2024 Herrer,2024-04-05,Sprint,M Senior,2023,4112564,62,195.300,1644.086,0,0,0,0,NULL,NULL,56.184,56.088
72349,NM Skiskyting sprint 2024 Herrer,2024-04-05,Sprint,M Senior,2023,4703037,63,195.700,1556.052,2,1,2,1,NULL,NULL,64.401,57.776
72349,NM Skiskyting sprint 2024 Herrer,2024-04-05,Sprint,M Senior,2023,4082624,64,196.400,1549.530,1,2,1,2,NULL,NULL,69.965,62.252
72349,NM Skiskyting sprint 2024 Herrer,2024-04-05,Sprint,M Senior,2023,2123122,65,201.900,1537.589,1,3,1,3,NULL,NULL,63.620,55.954
72349,NM Skiskyting sprint 2024 Herrer,2024-04-05,Sprint,M Senior,2023,5563876,65,201.900,1590.626,2,0,2,0,NULL,NULL,70.874,51.839
72349,NM Skiskyting sprint 2024 Herrer,2024-04-05,Sprint,M Senior,2023,3745581,67,204.100,1602.766,1,1,1,1,NULL,NULL,58.156,52.839
72349,NM Skiskyting sprint 2024 Herrer,2024-04-05,Sprint,M Senior,2023,5865444,68,205.800,1592.236,1,1,1,1,NULL,NULL,68.171,52.845
72349,NM Skiskyting sprint 2024 Herrer,2024-04-05,Sprint,M Senior,2023,4111196,69,209.500,1644.075,0,1,0,1,NULL,NULL,52.280,46.221
72349,NM Skiskyting sprint 2024 Herrer,2024-04-05,Sprint,M Senior,2023,2972299,70,211.400,1618.975,0,2,0,2,NULL,NULL,52.995,50.274
72349,NM Skiskyting sprint 2024 Herrer,2024-04-05,Sprint,M Senior,2023,5996583,71,214.200,1669.452,0,0,0,0,NULL,NULL,54.499,51.745
72349,NM Skiskyting sprint 2024 Herrer,2024-04-05,Sprint,M Senior,2023,2126724,72,214.700,1575.122,1,3,1,3,NULL,NULL,51.155,45.025
72349,NM Skiskyting sprint 2024 Herrer,2024-04-05,Sprint,M Senior,2023,702961,73,216.100,1595.208,0,2,0,2,NULL,NULL,64.743,67.869
72349,NM Skiskyting sprint 2024 Herrer,2024-04-05,Sprint,M Senior,2023,4473183,74,217.000,1678.418,0,0,0,0,NULL,NULL,53.089,45.343
72349,NM Skiskyting sprint 2024 Herrer,2024-04-05,Sprint,M Senior,2023,5752954,75,219.600,1632.384,1,0,1,0,NULL,NULL,62.147,59.740
72349,NM Skiskyting sprint 2024 Herrer,2024-04-05,Sprint,M Senior,2023,4319626,76,221.000,1571.426,4,0,4,0,NULL,NULL,59.120,42.960
72349,NM Skiskyting sprint 2024 Herrer,2024-04-05,Sprint,M Senior,2023,382023,77,224.000,1635.426,0,2,0,2,NULL,NULL,49.174,49.893
72349,NM Skiskyting sprint 2024 Herrer,2024-04-05,Sprint,M Senior,2023,337134,78,230.300,1644.032,1,1,1,1,NULL,NULL,47.178,48.369
72349,NM Skiskyting sprint 2024 Herrer,2024-04-05,Sprint,M Senior,2023,5823384,79,230.800,1651.020,0,1,0,1,NULL,NULL,57.182,56.227
72349,NM Skiskyting sprint 2024 Herrer,2024-04-05,Sprint,M Senior,2023,426695,80,234.800,1622.518,2,1,2,1,NULL,NULL,51.308,44.086
72349,NM Skiskyting sprint 2024 Herrer,2024-04-05,Sprint,M Senior,2023,5874910,81,234.900,1606.277,0,3,0,3,NULL,NULL,58.603,50.901
72349,NM Skiskyting sprint 2024 Herrer,2024-04-05,Sprint,M Senior,2023,2583084,82,235.600,1616.828,2,1,2,1,NULL,NULL,53.083,50.185
72349,NM Skiskyting sprint 2024 Herrer,2024-04-05,Sprint,M Senior,2023,4726763,83,236.000,1608.010,1,2,1,2,NULL,NULL,54.590,50.464
72349,NM Skiskyting sprint 2024 Herrer,2024-04-05,Sprint,M Senior,2023,431693,84,238.500,1633.454,2,0,2,0,NULL,NULL,61.369,50.606
72349,NM Skiskyting sprint 2024 Herrer,2024-04-05,Sprint,M Senior,2023,940749,85,243.500,1669.224,1,0,1,0,NULL,NULL,57.557,52.315
72349,NM Skiskyting sprint 2024 Herrer,2024-04-05,Sprint,M Senior,2023,4112552,86,244.300,1664.564,1,0,1,0,NULL,NULL,61.258,56.396
72349,NM Skiskyting sprint 2024 Herrer,2024-04-05,Sprint,M Senior,2023,543528,87,245.400,1614.678,1,2,1,2,NULL,NULL,63.592,52.644
72349,NM Skiskyting sprint 2024 Herrer,2024-04-05,Sprint,M Senior,2023,5666532,88,246.800,1664.317,1,0,1,0,NULL,NULL,61.362,54.493
72349,NM Skiskyting sprint 2024 Herrer,2024-04-05,Sprint,M Senior,2023,3647940,88,246.800,1641.892,2,0,2,0,NULL,NULL,63.998,45.205
72349,NM Skiskyting sprint 2024 Herrer,2024-04-05,Sprint,M Senior,2023,2584238,90,252.000,1620.320,2,1,2,1,NULL,NULL,53.216,56.462
72349,NM Skiskyting sprint 2024 Herrer,2024-04-05,Sprint,M Senior,2023,1891104,91,261.400,1631.316,1,2,1,2,NULL,NULL,60.088,57.404
72349,NM Skiskyting sprint 2024 Herrer,2024-04-05,Sprint,M Senior,2023,6427175,92,263.500,1624.292,1,3,1,3,NULL,NULL,48.613,44.650
72349,NM Skiskyting sprint 2024 Herrer,2024-04-05,Sprint,M Senior,2023,933034,93,263.900,1670.721,1,1,1,1,NULL,NULL,55.058,51.369
72349,NM Skiskyting sprint 2024 Herrer,2024-04-05,Sprint,M Senior,2023,445278,94,274.400,1629.682,0,3,0,3,NULL,NULL,65.967,58.161
72349,NM Skiskyting sprint 2024 Herrer,2024-04-05,Sprint,M Senior,2023,4190039,95,274.800,1639.030,1,2,1,2,NULL,NULL,63.864,56.560
72349,NM Skiskyting sprint 2024 Herrer,2024-04-05,Sprint,M Senior,2023,5888745,96,276.700,1634.749,1,2,1,2,NULL,NULL,69.712,57.313
72349,NM Skiskyting sprint 2024 Herrer,2024-04-05,Sprint,M Senior,2023,933836,97,279.500,1680.450,0,1,0,1,NULL,NULL,69.062,64.495
72349,NM Skiskyting sprint 2024 Herrer,2024-04-05,Sprint,M Senior,2023,4114143,98,280.300,1600.342,2,3,2,3,NULL,NULL,53.753,51.451
72349,NM Skiskyting sprint 2024 Herrer,2024-04-05,Sprint,M Senior,2023,2513330,99,294.500,1640.485,1,2,1,2,NULL,NULL,71.712,61.928
72349,NM Skiskyting sprint 2024 Herrer,2024-04-05,Sprint,M Senior,2023,5746845,100,299.900,1615.015,3,2,3,2,NULL,NULL,64.152,51.221
72349,NM Skiskyting sprint 2024 Herrer,2024-04-05,Sprint,M Senior,2023,2963731,101,301.100,1720.289,1,0,1,0,NULL,NULL,59.214,56.339
72349,NM Skiskyting sprint 2024 Herrer,2024-04-05,Sprint,M Senior,2023,1670265,102,301.300,1617.858,2,3,2,3,NULL,NULL,60.226,57.137
72349,NM Skiskyting sprint 2024 Herrer,2024-04-05,Sprint,M Senior,2023,3625575,103,301.500,1745.171,0,0,0,0,NULL,NULL,56.781,59.612
72349,NM Skiskyting sprint 2024 Herrer,2024-04-05,Sprint,M Senior,2023,727031,104,302.300,1636.304,1,3,1,3,NULL,NULL,66.122,54.778
72349,NM Skiskyting sprint 2024 Herrer,2024-04-05,Sprint,M Senior,2023,6427375,105,304.000,1721.073,0,1,0,1,NULL,NULL,59.542,56.307
72349,NM Skiskyting sprint 2024 Herrer,2024-04-05,Sprint,M Senior,2023,4771092,106,304.400,1680.047,1,1,1,1,NULL,NULL,66.601,61.428
72349,NM Skiskyting sprint 2024 Herrer,2024-04-05,Sprint,M Senior,2023,5957272,107,306.100,1744.149,0,0,0,0,NULL,NULL,64.708,56.533
72349,NM Skiskyting sprint 2024 Herrer,2024-04-05,Sprint,M Senior,2023,491951,108,309.500,1704.626,1,1,1,1,NULL,NULL,61.681,50.931
72349,NM Skiskyting sprint 2024 Herrer,2024-04-05,Sprint,M Senior,2023,2971485,109,311.000,1646.376,1,3,1,3,NULL,NULL,62.810,56.004
72349,NM Skiskyting sprint 2024 Herrer,2024-04-05,Sprint,M Senior,2023,5886962,110,311.800,1682.070,2,1,2,1,NULL,NULL,57.931,52.245
72349,NM Skiskyting sprint 2024 Herrer,2024-04-05,Sprint,M Senior,2023,4100741,111,314.900,1687.647,0,3,0,3,NULL,NULL,53.863,52.735
72349,NM Skiskyting sprint 2024 Herrer,2024-04-05,Sprint,M Senior,2023,1772411,112,316.200,1674.544,1,2,1,2,NULL,NULL,62.168,58.151
72349,NM Skiskyting sprint 2024 Herrer,2024-04-05,Sprint,M Senior,2023,2274117,113,321.600,1696.873,1,2,1,2,NULL,NULL,55.262,51.650
72349,NM Skiskyting sprint 2024 Herrer,2024-04-05,Sprint,M Senior,2023,2224886,114,322.100,1672.124,1,3,1,3,NULL,NULL,53.946,50.330
72349,NM Skiskyting sprint 2024 Herrer,2024-04-05,Sprint,M Senior,2023,4706121,115,323.200,1718.917,1,1,1,1,NULL,NULL,57.495,53.519
72349,NM Skiskyting sprint 2024 Herrer,2024-04-05,Sprint,M Senior,2023,3512009,116,325.100,1683.996,1,2,1,2,NULL,NULL,61.181,59.998
72349,NM Skiskyting sprint 2024 Herrer,2024-04-05,Sprint,M Senior,2023,915427,117,326.800,1713.287,0,2,0,2,NULL,NULL,53.435,60.896
72349,NM Skiskyting sprint 2024 Herrer,2024-04-05,Sprint,M Senior,2023,3739707,118,331.600,1719.520,1,1,1,1,NULL,NULL,63.125,59.463
72349,NM Skiskyting sprint 2024 Herrer,2024-04-05,Sprint,M Senior,2023,4357256,118,331.600,1663.188,3,2,3,2,NULL,NULL,53.513,45.627
72349,NM Skiskyting sprint 2024 Herrer,2024-04-05,Sprint,M Senior,2023,4461078,120,332.100,1749.239,0,1,0,1,NULL,NULL,56.802,58.091
72349,NM Skiskyting sprint 2024 Herrer,2024-04-05,Sprint,M Senior,2023,3552409,121,333.300,1681.248,3,1,3,1,NULL,NULL,55.714,47.368
72349,NM Skiskyting sprint 2024 Herrer,2024-04-05,Sprint,M Senior,2023,4726761,122,334.200,1754.090,0,1,0,1,NULL,NULL,56.963,56.307
72349,NM Skiskyting sprint 2024 Herrer,2024-04-05,Sprint,M Senior,2023,5894832,123,343.300,1739.369,0,2,0,2,NULL,NULL,58.830,52.390
72349,NM Skiskyting sprint 2024 Herrer,2024-04-05,Sprint,M Senior,2023,724043,124,345.800,1735.885,1,1,1,1,NULL,NULL,62.246,49.781
72349,NM Skiskyting sprint 2024 Herrer,2024-04-05,Sprint,M Senior,2023,2127601,125,350.200,1694.578,1,3,1,3,NULL,NULL,53.187,55.713
72349,NM Skiskyting sprint 2024 Herrer,2024-04-05,Sprint,M Senior,2023,2562260,126,357.000,1700.469,2,2,2,2,NULL,NULL,54.963,52.027
72349,NM Skiskyting sprint 2024 Herrer,2024-04-05,Sprint,M Senior,2023,5663722,127,359.600,1723.797,0,3,0,3,NULL,NULL,59.625,54.705
72349,NM Skiskyting sprint 2024 Herrer,2024-04-05,Sprint,M Senior,2023,3742753,128,366.400,1767.752,0,1,0,1,NULL,NULL,68.688,59.142
72349,NM Skiskyting sprint 2024 Herrer,2024-04-05,Sprint,M Senior,2023,6427376,129,368.700,1750.532,2,1,2,1,NULL,NULL,53.186,43.105
72349,NM Skiskyting sprint 2024 Herrer,2024-04-05,Sprint,M Senior,2023,1272967,130,382.000,1763.318,2,0,2,0,NULL,NULL,68.709,52.799
72349,NM Skiskyting sprint 2024 Herrer,2024-04-05,Sprint,M Senior,2023,4080652,131,389.400,1740.450,0,3,0,3,NULL,NULL,60.338,59.494
72349,NM Skiskyting sprint 2024 Herrer,2024-04-05,Sprint,M Senior,2023,3740956,132,390.000,1612.560,4,3,4,3,NULL,NULL,88.377,56.403
72349,NM Skiskyting sprint 2024 Herrer,2024-04-05,Sprint,M Senior,2023,2584239,133,396.200,1755.047,1,2,1,2,NULL,NULL,62.619,57.837
72349,NM Skiskyting sprint 2024 Herrer,2024-04-05,Sprint,M Senior,2023,4765952,134,397.000,1813.646,0,1,0,1,NULL,NULL,57.008,53.807
72349,NM Skiskyting sprint 2024 Herrer,2024-04-05,Sprint,M Senior,2023,743052,135,400.000,1683.529,2,4,2,4,NULL,NULL,54.964,49.465
72349,NM Skiskyting sprint 2024 Herrer,2024-04-05,Sprint,M Senior,2023,4111705,136,403.700,1745.158,2,1,2,1,NULL,NULL,68.402,61.118
72349,NM Skiskyting sprint 2024 Herrer,2024-04-05,Sprint,M Senior,2023,711828,137,404.600,1729.969,2,1,2,1,NULL,NULL,65.022,58.777
72349,NM Skiskyting sprint 2024 Herrer,2024-04-05,Sprint,M Senior,2023,717086,138,408.400,1742.918,1,3,1,3,NULL,NULL,60.152,49.015
72349,NM Skiskyting sprint 2024 Herrer,2024-04-05,Sprint,M Senior,2023,682423,139,412.600,1724.906,3,2,3,2,NULL,NULL,64.449,51.776
72349,NM Skiskyting sprint 2024 Herrer,2024-04-05,Sprint,M Senior,2023,1385516,140,413.200,1758.530,0,3,0,3,NULL,NULL,69.281,60.567
72349,NM Skiskyting sprint 2024 Herrer,2024-04-05,Sprint,M Senior,2023,696681,141,415.700,1666.553,5,2,5,2,NULL,NULL,64.681,56.244
72349,NM Skiskyting sprint 2024 Herrer,2024-04-05,Sprint,M Senior,2023,5747360,142,425.600,1747.578,1,3,1,3,NULL,NULL,70.683,56.491
72349,NM Skiskyting sprint 2024 Herrer,2024-04-05,Sprint,M Senior,2023,5890450,143,428.000,1772.862,0,3,0,3,NULL,NULL,63.369,64.325
72349,NM Skiskyting sprint 2024 Herrer,2024-04-05,Sprint,M Senior,2023,2569164,144,428.300,1785.613,1,2,1,2,NULL,NULL,63.214,53.244
72349,NM Skiskyting sprint 2024 Herrer,2024-04-05,Sprint,M Senior,2023,414946,145,433.600,1727.021,2,3,2,3,NULL,NULL,59.306,66.551
72349,NM Skiskyting sprint 2024 Herrer,2024-04-05,Sprint,M Senior,2023,4089085,146,433.700,1839.611,0,1,0,1,NULL,NULL,64.677,59.057
72349,NM Skiskyting sprint 2024 Herrer,2024-04-05,Sprint,M Senior,2023,1897237,147,451.500,1776.906,3,1,3,1,NULL,NULL,66.467,57.402
72349,NM Skiskyting sprint 2024 Herrer,2024-04-05,Sprint,M Senior,2023,4076122,148,457.300,1727.208,4,3,4,3,NULL,NULL,50.786,47.641
72349,NM Skiskyting sprint 2024 Herrer,2024-04-05,Sprint,M Senior,2023,2175563,149,461.300,1842.107,0,2,0,2,NULL,NULL,61.648,55.304
72349,NM Skiskyting sprint 2024 Herrer,2024-04-05,Sprint,M Senior,2023,1357034,150,469.700,1800.419,2,2,2,2,NULL,NULL,54.932,51.903
72349,NM Skiskyting sprint 2024 Herrer,2024-04-05,Sprint,M Senior,2023,3504107,151,479.500,1794.106,2,2,2,2,NULL,NULL,70.271,58.932
72349,NM Skiskyting sprint 2024 Herrer,2024-04-05,Sprint,M Senior,2023,2127359,152,494.900,1775.782,4,1,4,1,NULL,NULL,77.709,54.299
72349,NM Skiskyting sprint 2024 Herrer,2024-04-05,Sprint,M Senior,2023,2564467,153,502.600,1737.816,3,4,3,4,NULL,NULL,72.229,64.324
72349,NM Skiskyting sprint 2024 Herrer,2024-04-05,Sprint,M Senior,2023,2122899,154,538.900,1906.312,1,2,1,2,NULL,NULL,56.306,47.055
72349,NM Skiskyting sprint 2024 Herrer,2024-04-05,Sprint,M Senior,2023,4694290,155,541.000,1816.642,2,3,2,3,NULL,NULL,68.840,59.249
72349,NM Skiskyting sprint 2024 Herrer,2024-04-05,Sprint,M Senior,2023,5917342,156,569.200,1844.622,3,2,3,2,NULL,NULL,64.903,52.560
72349,NM Skiskyting sprint 2024 Herrer,2024-04-05,Sprint,M Senior,2023,2582845,157,580.200,1930.718,3,1,3,1,NULL,NULL,59.071,60.116
72349,NM Skiskyting sprint 2024 Herrer,2024-04-05,Sprint,M Senior,2023,4440776,158,613.400,1910.054,1,3,1,3,NULL,NULL,74.799,65.900
72349,NM Skiskyting sprint 2024 Herrer,2024-04-05,Sprint,M Senior,2023,2276547,159,618.800,1884.759,3,2,3,2,NULL,NULL,69.531,62.023
72349,NM Skiskyting sprint 2024 Herrer,2024-04-05,Sprint,M Senior,2023,4657636,160,619.100,1983.694,1,1,1,1,NULL,NULL,72.868,64.880
72349,NM Skiskyting sprint 2024 Herrer,2024-04-05,Sprint,M Senior,2023,4725854,161,667.100,2010.453,2,0,2,0,NULL,NULL,81.859,74.479
72349,NM Skiskyting sprint 2024 Herrer,2024-04-05,Sprint,M Senior,2023,5745966,162,679.300,1896.636,2,4,2,4,NULL,NULL,71.007,74.838
72349,NM Skiskyting sprint 2024 Herrer,2024-04-05,Sprint,M Senior,2023,653533,163,805.300,1999.219,5,3,5,3,NULL,NULL,72.200,66.967
72380,NM Skiskyting Fellesstart 2024 Herrer,2024-04-06,Fellesstart,M Senior,2023,2269734,1,0.000,2178.717,0,1,0,0,0,1,95.764,88.571
72380,NM Skiskyting Fellesstart 2024 Herrer,2024-04-06,Fellesstart,M Senior,2023,2120302,2,10.400,2183.407,1,0,1,0,0,0,99.811,87.020
72380,NM Skiskyting Fellesstart 2024 Herrer,2024-04-06,Fellesstart,M Senior,2023,1778366,3,13.700,2179.240,0,1,0,0,1,0,103.741,89.254
72380,NM Skiskyting Fellesstart 2024 Herrer,2024-04-06,Fellesstart,M Senior,2023,415168,4,15.100,2164.173,1,1,0,1,0,1,93.720,94.956
72380,NM Skiskyting Fellesstart 2024 Herrer,2024-04-06,Fellesstart,M Senior,2023,694490,5,35.300,2174.014,1,2,0,1,1,1,99.123,75.652
72380,NM Skiskyting Fellesstart 2024 Herrer,2024-04-06,Fellesstart,M Senior,2023,674458,6,35.400,2183.411,1,1,0,1,0,1,98.080,89.952
72380,NM Skiskyting Fellesstart 2024 Herrer,2024-04-06,Fellesstart,M Senior,2023,1948946,7,44.100,2211.263,1,0,0,1,0,0,104.262,86.981
72380,NM Skiskyting Fellesstart 2024 Herrer,2024-04-06,Fellesstart,M Senior,2023,5582240,8,44.200,2158.213,1,3,1,0,0,3,97.639,84.270
72380,NM Skiskyting Fellesstart 2024 Herrer,2024-04-06,Fellesstart,M Senior,2023,356854,9,56.000,2206.255,1,1,1,0,1,0,93.329,92.390
72380,NM Skiskyting Fellesstart 2024 Herrer,2024-04-06,Fellesstart,M Senior,2023,674464,10,61.700,2188.606,1,2,0,1,1,1,90.637,94.573
72380,NM Skiskyting Fellesstart 2024 Herrer,2024-04-06,Fellesstart,M Senior,2023,679924,11,65.000,2151.641,2,3,1,1,0,3,97.021,88.517
72380,NM Skiskyting Fellesstart 2024 Herrer,2024-04-06,Fellesstart,M Senior,2023,674457,12,72.500,2121.456,3,4,1,2,2,2,97.512,84.017
72380,NM Skiskyting Fellesstart 2024 Herrer,2024-04-06,Fellesstart,M Senior,2023,2118153,13,82.400,2188.235,2,2,1,1,0,2,96.018,87.576
72380,NM Skiskyting Fellesstart 2024 Herrer,2024-04-06,Fellesstart,M Senior,2023,3849463,14,92.800,2205.906,2,2,1,1,0,2,94.783,82.907
72380,NM Skiskyting Fellesstart 2024 Herrer,2024-04-06,Fellesstart,M Senior,2023,3624692,15,107.000,2265.507,2,0,2,0,0,0,98.139,80.842
72380,NM Skiskyting Fellesstart 2024 Herrer,2024-04-06,Fellesstart,M Senior,2023,674472,16,111.700,2210.845,1,3,0,1,2,1,97.836,91.634
72380,NM Skiskyting Fellesstart 2024 Herrer,2024-04-06,Fellesstart,M Senior,2023,694606,17,115.400,2299.289,0,0,0,0,0,0,97.389,97.380
72380,NM Skiskyting Fellesstart 2024 Herrer,2024-04-06,Fellesstart,M Senior,2023,3750283,18,118.100,2198.741,1,3,0,1,2,1,108.722,106.017
72380,NM Skiskyting Fellesstart 2024 Herrer,2024-04-06,Fellesstart,M Senior,2023,409580,19,118.200,2174.197,0,6,0,0,3,3,89.160,94.593
72380,NM Skiskyting Fellesstart 2024 Herrer,2024-04-06,Fellesstart,M Senior,2023,674453,20,138.300,2206.101,3,2,2,1,2,0,104.026,93.406
72380,NM Skiskyting Fellesstart 2024 Herrer,2024-04-06,Fellesstart,M Senior,2023,2223534,21,140.800,2273.083,1,0,0,1,0,0,110.331,109.625
72380,NM Skiskyting Fellesstart 2024 Herrer,2024-04-06,Fellesstart,M Senior,2023,4188653,22,156.300,2239.449,2,3,1,1,1,2,88.327,91.016
72380,NM Skiskyting Fellesstart 2024 Herrer,2024-04-06,Fellesstart,M Senior,2023,6197031,23,185.200,2261.544,1,4,1,0,2,2,90.744,90.200
72380,NM Skiskyting Fellesstart 2024 Herrer,2024-04-06,Fellesstart,M Senior,2023,1562650,24,192.900,2329.098,0,1,0,0,0,1,110.136,112.064
72380,NM Skiskyting Fellesstart 2024 Herrer,2024-04-06,Fellesstart,M Senior,2023,3687444,25,223.900,2237.942,2,4,2,0,2,2,121.958,106.382
72380,NM Skiskyting Fellesstart 2024 Herrer,2024-04-06,Fellesstart,M Senior,2023,677695,26,231.600,2215.508,2,6,2,0,4,2,95.002,104.807
72380,NM Skiskyting Fellesstart 2024 Herrer,2024-04-06,Fellesstart,M Senior,2023,3033293,27,241.500,2320.461,1,3,1,0,1,2,109.626,97.875
72380,NM Skiskyting Fellesstart 2024 Herrer,2024-04-06,Fellesstart,M Senior,2023,382023,28,253.100,2357.746,1,3,0,1,2,1,93.131,86.951
72380,NM Skiskyting Fellesstart 2024 Herrer,2024-04-06,Fellesstart,M Senior,2023,6565741,29,261.400,2272.914,4,2,3,1,0,2,119.544,102.702
72380,NM Skiskyting Fellesstart 2024 Herrer,2024-04-06,Fellesstart,M Senior,2023,1625378,30,262.500,2291.777,2,5,2,0,2,3,98.887,90.621
72380,NM Skiskyting Fellesstart 2024 Herrer,2024-04-06,Fellesstart,M Senior,2023,6239573,31,266.900,2286.583,2,3,0,2,1,2,125.123,108.512
72380,NM Skiskyting Fellesstart 2024 Herrer,2024-04-06,Fellesstart,M Senior,2023,5865444,32,267.400,2330.871,0,3,0,0,1,2,120.825,121.163
72380,NM Skiskyting Fellesstart 2024 Herrer,2024-04-06,Fellesstart,M Senior,2023,408700,33,272.900,2271.107,3,4,2,1,2,2,111.205,106.943
72380,NM Skiskyting Fellesstart 2024 Herrer,2024-04-06,Fellesstart,M Senior,2023,6427689,34,325.200,2377.514,3,1,2,1,0,1,114.899,109.220
72380,NM Skiskyting Fellesstart 2024 Herrer,2024-04-06,Fellesstart,M Senior,2023,4319626,35,344.600,2321.125,2,6,1,1,3,3,108.055,87.514
72380,NM Skiskyting Fellesstart 2024 Herrer,2024-04-06,Fellesstart,M Senior,2023,6565763,36,376.400,2379.326,5,3,2,3,1,2,94.122,88.623
72380,NM Skiskyting Fellesstart 2024 Herrer,2024-04-06,Fellesstart,M Senior,2023,445278,37,390.600,2403.072,2,3,1,1,2,1,126.995,111.699
72380,NM Skiskyting Fellesstart 2024 Herrer,2024-04-06,Fellesstart,M Senior,2023,4105154,38,392.600,2395.622,3,3,2,1,1,2,110.205,109.322
72380,NM Skiskyting Fellesstart 2024 Herrer,2024-04-06,Fellesstart,M Senior,2023,4703037,39,440.400,2375.295,3,5,2,1,1,4,124.625,112.660
72380,NM Skiskyting Fellesstart 2024 Herrer,2024-04-06,Fellesstart,M Senior,2023,1362542,40,454.600,2471.424,3,3,1,2,2,1,100.137,102.378
72380,NM Skiskyting Fellesstart 2024 Herrer,2024-04-06,Fellesstart,M Senior,2023,4190039,41,479.400,2436.235,3,4,2,1,3,1,122.142,117.136
72380,NM Skiskyting Fellesstart 2024 Herrer,2024-04-06,Fellesstart,M Senior,2023,2127359,42,849.000,2718.057,7,2,4,3,1,1,136.552,111.729
